<?xml version="1.0" encoding="UTF-8"?>
<metadata xml:lang="en"><Esri><CreaDate>20171121</CreaDate><CreaTime>13591000</CreaTime><ArcGISFormat>1.0</ArcGISFormat><SyncOnce>TRUE</SyncOnce><DataProperties><lineage><Process ToolSource="c:\program files (x86)\arcgis\desktop10.2\ArcToolbox\Toolboxes\Data Management Tools.tbx\CalculateField" Date="20171121" Time="090953">CalculateField AGA_Management_WorkingFile segmentID [FID] VB #</Process><Process ToolSource="c:\program files (x86)\arcgis\desktop10.2\ArcToolbox\Toolboxes\Data Management Tools.tbx\CalculateField" Date="20171121" Time="093613">CalculateField AGA_Management_WorkingFile BFWest 2 VB #</Process><Process ToolSource="c:\program files (x86)\arcgis\desktop10.2\ArcToolbox\Toolboxes\Data Management Tools.tbx\CalculateField" Date="20171121" Time="093740">CalculateField AGA_Management_WorkingFile BFWest 2 VB #</Process><Process ToolSource="c:\program files (x86)\arcgis\desktop10.2\ArcToolbox\Toolboxes\Data Management Tools.tbx\CalculateField" Date="20171121" Time="094246">CalculateField AGA_Management_WorkingFile BFWest 4 VB #</Process><Process ToolSource="c:\program files (x86)\arcgis\desktop10.2\ArcToolbox\Toolboxes\Data Management Tools.tbx\CalculateField" Date="20171121" Time="094657">CalculateField AGA_Management_WorkingFile BFWest 5 VB #</Process><Process ToolSource="c:\program files (x86)\arcgis\desktop10.2\ArcToolbox\Toolboxes\Data Management Tools.tbx\CalculateField" Date="20171121" Time="094747">CalculateField AGA_Management_WorkingFile BFWest 6 VB #</Process><Process ToolSource="c:\program files (x86)\arcgis\desktop10.2\ArcToolbox\Toolboxes\Data Management Tools.tbx\CalculateField" Date="20171121" Time="094838">CalculateField AGA_Management_WorkingFile BFWest 9 VB #</Process><Process ToolSource="c:\program files (x86)\arcgis\desktop10.2\ArcToolbox\Toolboxes\Data Management Tools.tbx\CalculateField" Date="20171121" Time="094900">CalculateField AGA_Management_WorkingFile BFWest 4 VB #</Process><Process ToolSource="c:\program files (x86)\arcgis\desktop10.2\ArcToolbox\Toolboxes\Data Management Tools.tbx\CalculateField" Date="20171121" Time="094915">CalculateField AGA_Management_WorkingFile BFWest 4 VB #</Process><Process ToolSource="c:\program files (x86)\arcgis\desktop10.2\ArcToolbox\Toolboxes\Data Management Tools.tbx\CalculateField" Date="20171121" Time="094935">CalculateField AGA_Management_WorkingFile BFWest 3 VB #</Process><Process ToolSource="c:\program files (x86)\arcgis\desktop10.2\ArcToolbox\Toolboxes\Data Management Tools.tbx\CalculateField" Date="20171121" Time="095035">CalculateField AGA_Management_WorkingFile BFWest 3 VB #</Process><Process ToolSource="c:\program files (x86)\arcgis\desktop10.2\ArcToolbox\Toolboxes\Data Management Tools.tbx\CalculateField" Date="20171121" Time="095048">CalculateField AGA_Management_WorkingFile BFWest 3 VB #</Process><Process ToolSource="c:\program files (x86)\arcgis\desktop10.2\ArcToolbox\Toolboxes\Data Management Tools.tbx\CalculateField" Date="20171121" Time="095224">CalculateField AGA_Management_WorkingFile BFWest 5 VB #</Process><Process ToolSource="c:\program files (x86)\arcgis\desktop10.2\ArcToolbox\Toolboxes\Data Management Tools.tbx\CalculateField" Date="20171121" Time="095252">CalculateField AGA_Management_WorkingFile BFWest 2 VB #</Process><Process ToolSource="c:\program files (x86)\arcgis\desktop10.2\ArcToolbox\Toolboxes\Data Management Tools.tbx\CalculateField" Date="20171121" Time="095404">CalculateField AGA_Management_WorkingFile BFWest 2 VB #</Process><Process ToolSource="c:\program files (x86)\arcgis\desktop10.2\ArcToolbox\Toolboxes\Data Management Tools.tbx\CalculateField" Date="20171121" Time="095459">CalculateField AGA_Management_WorkingFile BFWest 6 VB #</Process><Process ToolSource="c:\program files (x86)\arcgis\desktop10.2\ArcToolbox\Toolboxes\Data Management Tools.tbx\CalculateField" Date="20171121" Time="100407">CalculateField AGA_Management_WorkingFile BFWest 10 VB #</Process><Process ToolSource="c:\program files (x86)\arcgis\desktop10.2\ArcToolbox\Toolboxes\Data Management Tools.tbx\CalculateField" Date="20171121" Time="100445">CalculateField AGA_Management_WorkingFile BFWest 10 VB #</Process><Process ToolSource="c:\program files (x86)\arcgis\desktop10.2\ArcToolbox\Toolboxes\Data Management Tools.tbx\CalculateField" Date="20171121" Time="100509">CalculateField AGA_Management_WorkingFile BFWest 10 VB #</Process><Process ToolSource="c:\program files (x86)\arcgis\desktop10.2\ArcToolbox\Toolboxes\Data Management Tools.tbx\CalculateField" Date="20171121" Time="100558">CalculateField AGA_Management_WorkingFile BFWest 12 VB #</Process><Process ToolSource="c:\program files (x86)\arcgis\desktop10.2\ArcToolbox\Toolboxes\Data Management Tools.tbx\CalculateField" Date="20171121" Time="100655">CalculateField AGA_Management_WorkingFile BFWest 16 VB #</Process><Process ToolSource="c:\program files (x86)\arcgis\desktop10.2\ArcToolbox\Toolboxes\Data Management Tools.tbx\CalculateField" Date="20171121" Time="101207">CalculateField AGA_Management_WorkingFile BFWest 3 VB #</Process><Process ToolSource="c:\program files (x86)\arcgis\desktop10.2\ArcToolbox\Toolboxes\Data Management Tools.tbx\CalculateField" Date="20171121" Time="101228">CalculateField AGA_Management_WorkingFile BFWest 5 VB #</Process><Process ToolSource="c:\program files (x86)\arcgis\desktop10.2\ArcToolbox\Toolboxes\Data Management Tools.tbx\CalculateField" Date="20171121" Time="101356">CalculateField AGA_Management_WorkingFile BFWest 4 VB #</Process><Process ToolSource="c:\program files (x86)\arcgis\desktop10.2\ArcToolbox\Toolboxes\Data Management Tools.tbx\CalculateField" Date="20171121" Time="101421">CalculateField AGA_Management_WorkingFile BFWest 2 VB #</Process><Process ToolSource="c:\program files (x86)\arcgis\desktop10.2\ArcToolbox\Toolboxes\Data Management Tools.tbx\CalculateField" Date="20171121" Time="101448">CalculateField AGA_Management_WorkingFile BFWest 4 VB #</Process><Process ToolSource="c:\program files (x86)\arcgis\desktop10.2\ArcToolbox\Toolboxes\Data Management Tools.tbx\CalculateField" Date="20171121" Time="101542">CalculateField AGA_Management_WorkingFile BFWest 5 VB #</Process><Process ToolSource="c:\program files (x86)\arcgis\desktop10.2\ArcToolbox\Toolboxes\Data Management Tools.tbx\CalculateField" Date="20171121" Time="101644">CalculateField AGA_Management_WorkingFile BFWest 8 VB #</Process><Process ToolSource="c:\program files (x86)\arcgis\desktop10.2\ArcToolbox\Toolboxes\Data Management Tools.tbx\CalculateField" Date="20171121" Time="101817">CalculateField AGA_Management_WorkingFile BFWest 2 VB #</Process><Process ToolSource="c:\program files (x86)\arcgis\desktop10.2\ArcToolbox\Toolboxes\Data Management Tools.tbx\CalculateField" Date="20171121" Time="102156">CalculateField AGA_Management_WorkingFile BFWest 4 VB #</Process><Process ToolSource="c:\program files (x86)\arcgis\desktop10.2\ArcToolbox\Toolboxes\Data Management Tools.tbx\CalculateField" Date="20171121" Time="102243">CalculateField AGA_Management_WorkingFile BFWest 2 VB #</Process><Process ToolSource="c:\program files (x86)\arcgis\desktop10.2\ArcToolbox\Toolboxes\Data Management Tools.tbx\CalculateField" Date="20171121" Time="102303">CalculateField AGA_Management_WorkingFile BFWest 4 VB #</Process><Process ToolSource="c:\program files (x86)\arcgis\desktop10.2\ArcToolbox\Toolboxes\Data Management Tools.tbx\CalculateField" Date="20171121" Time="102324">CalculateField AGA_Management_WorkingFile BFWest 6 VB #</Process><Process ToolSource="c:\program files (x86)\arcgis\desktop10.2\ArcToolbox\Toolboxes\Data Management Tools.tbx\CalculateField" Date="20171121" Time="102443">CalculateField AGA_Management_WorkingFile BFWest 6 VB #</Process><Process ToolSource="c:\program files (x86)\arcgis\desktop10.2\ArcToolbox\Toolboxes\Data Management Tools.tbx\CalculateField" Date="20171121" Time="102507">CalculateField AGA_Management_WorkingFile BFWest 2 VB #</Process><Process ToolSource="c:\program files (x86)\arcgis\desktop10.2\ArcToolbox\Toolboxes\Data Management Tools.tbx\CalculateField" Date="20171121" Time="102535">CalculateField AGA_Management_WorkingFile BFWest 5 VB #</Process><Process ToolSource="c:\program files (x86)\arcgis\desktop10.2\ArcToolbox\Toolboxes\Data Management Tools.tbx\CalculateField" Date="20171121" Time="102613">CalculateField AGA_Management_WorkingFile BFWest 12 VB #</Process><Process ToolSource="c:\program files (x86)\arcgis\desktop10.2\ArcToolbox\Toolboxes\Data Management Tools.tbx\CalculateField" Date="20171121" Time="103357">CalculateField AGA_Management_WorkingFile BFWest 4 VB #</Process><Process ToolSource="c:\program files (x86)\arcgis\desktop10.2\ArcToolbox\Toolboxes\Data Management Tools.tbx\CalculateField" Date="20171121" Time="103442">CalculateField AGA_Management_WorkingFile BFWest 3 VB #</Process><Process ToolSource="c:\program files (x86)\arcgis\desktop10.2\ArcToolbox\Toolboxes\Data Management Tools.tbx\CalculateField" Date="20171121" Time="103510">CalculateField AGA_Management_WorkingFile BFWest 3 VB #</Process><Process ToolSource="c:\program files (x86)\arcgis\desktop10.2\ArcToolbox\Toolboxes\Data Management Tools.tbx\CalculateField" Date="20171121" Time="123218">CalculateField AGA_Management_WorkingFile_withbfw Cond2 "Good" VB #</Process><Process ToolSource="c:\program files (x86)\arcgis\desktop10.2\ArcToolbox\Toolboxes\Data Management Tools.tbx\CalculateField" Date="20171121" Time="123340">CalculateField AGA_Management_WorkingFile_withbfw Cond2 "Moderate" VB #</Process><Process ToolSource="c:\program files (x86)\arcgis\desktop10.2\ArcToolbox\Toolboxes\Data Management Tools.tbx\CalculateField" Date="20171121" Time="123411">CalculateField AGA_Management_WorkingFile_withbfw Cond2 "Poor" VB #</Process><Process ToolSource="c:\program files (x86)\arcgis\desktop10.2\ArcToolbox\Toolboxes\Data Management Tools.tbx\CalculateField" Date="20171121" Time="132317">CalculateField AGA_Management_WorkingFile_withbfw Cond2 "Moderate" VB #</Process><Process ToolSource="c:\program files (x86)\arcgis\desktop10.2\ArcToolbox\Toolboxes\Data Management Tools.tbx\CalculateField" Date="20171121" Time="132339">CalculateField AGA_Management_WorkingFile_withbfw Cond2 "Good" VB #</Process><Process ToolSource="c:\program files (x86)\arcgis\desktop10.2\ArcToolbox\Toolboxes\Data Management Tools.tbx\CalculateField" Date="20171121" Time="132536">CalculateField AGA_Management_WorkingFile_withbfw RS "CB" VB #</Process><Process ToolSource="c:\program files (x86)\arcgis\desktop10.2\ArcToolbox\Toolboxes\Data Management Tools.tbx\CalculateField" Date="20171121" Time="132634">CalculateField AGA_Management_WorkingFile_withbfw RScond "[RiverStyle] + [Condition]" VB #</Process><Process ToolSource="c:\program files (x86)\arcgis\desktop10.2\ArcToolbox\Toolboxes\Data Management Tools.tbx\CalculateField" Date="20171121" Time="132646">CalculateField AGA_Management_WorkingFile_withbfw RScond "[RS] + [Condition]" VB #</Process><Process ToolSource="c:\program files (x86)\arcgis\desktop10.2\ArcToolbox\Toolboxes\Data Management Tools.tbx\CalculateField" Date="20171121" Time="132752">CalculateField AGA_Management_WorkingFile_withbfw RScond2 "[RS] + [Cond2]" VB #</Process><Process ToolSource="c:\program files (x86)\arcgis\desktop10.2\ArcToolbox\Toolboxes\Data Management Tools.tbx\CalculateField" Date="20171121" Time="132940">CalculateField AGA_Management_WorkingFile_withbfw RS "CF" VB #</Process><Process ToolSource="c:\program files (x86)\arcgis\desktop10.2\ArcToolbox\Toolboxes\Data Management Tools.tbx\CalculateField" Date="20171121" Time="133010">CalculateField AGA_Management_WorkingFile_withbfw RS "CH" VB #</Process><Process ToolSource="c:\program files (x86)\arcgis\desktop10.2\ArcToolbox\Toolboxes\Data Management Tools.tbx\CalculateField" Date="20171121" Time="133030">CalculateField AGA_Management_WorkingFile_withbfw RS "AF" VB #</Process><Process ToolSource="c:\program files (x86)\arcgis\desktop10.2\ArcToolbox\Toolboxes\Data Management Tools.tbx\CalculateField" Date="20171121" Time="133044">CalculateField AGA_Management_WorkingFile_withbfw RS "FC" VB #</Process><Process ToolSource="c:\program files (x86)\arcgis\desktop10.2\ArcToolbox\Toolboxes\Data Management Tools.tbx\CalculateField" Date="20171121" Time="133102">CalculateField AGA_Management_WorkingFile_withbfw RS "PC" VB #</Process><Process ToolSource="c:\program files (x86)\arcgis\desktop10.2\ArcToolbox\Toolboxes\Data Management Tools.tbx\CalculateField" Date="20171121" Time="133116">CalculateField AGA_Management_WorkingFile_withbfw RS "WA" VB #</Process><Process ToolSource="c:\program files (x86)\arcgis\desktop10.2\ArcToolbox\Toolboxes\Data Management Tools.tbx\CalculateField" Date="20171121" Time="133238">CalculateField AGA_Management_WorkingFile_withbfw RScurrent "[RS]+ [RScurrent]" VB #</Process><Process ToolSource="c:\program files (x86)\arcgis\desktop10.2\ArcToolbox\Toolboxes\Data Management Tools.tbx\CalculateField" Date="20171121" Time="133252">CalculateField AGA_Management_WorkingFile_withbfw RScurrent "[RS]+ [RScurrent]" VB #</Process><Process ToolSource="c:\program files (x86)\arcgis\desktop10.2\ArcToolbox\Toolboxes\Data Management Tools.tbx\CalculateField" Date="20171121" Time="133304">CalculateField AGA_Management_WorkingFile_withbfw RScurrent "[RS]+ [Condition]" VB #</Process><Process ToolSource="c:\program files (x86)\arcgis\desktop10.2\ArcToolbox\Toolboxes\Data Management Tools.tbx\CalculateField" Date="20171121" Time="133331">CalculateField AGA_Management_WorkingFile_withbfw RScurrent "[RS]+ LCase( [Condition] )" VB #</Process><Process ToolSource="c:\program files (x86)\arcgis\desktop10.2\ArcToolbox\Toolboxes\Data Management Tools.tbx\CalculateField" Date="20171121" Time="133427">CalculateField AGA_Management_WorkingFile_withbfw RSrestored "[RS]+ LCase( [Cond2] )" VB #</Process></lineage></DataProperties></Esri></metadata>
