visit.id,gut.layer,unit.type,n,area.mean,area.med,area.sd,area.sum,perim.mean,perim.med,perim.sd,perim.sum,area.ratio,perim.area.ratio
1027,GU,Bank,11,19.754,11.55,20.641,217.29,84.255,49,78.728,926.8,0.129,4.265
1027,GU,Glide-Run,7,54.334,48.67,32.342,380.34,112.714,110.6,48.261,789,0.225,2.074
1027,GU,Margin Attached Bar,12,20.306,12.425,20.19,243.67,57.75,46.3,43.378,693,0.144,2.844
1027,GU,Mid Channel Bar,3,5.113,1.09,7.913,15.34,10.333,9,10.464,31,0.009,2.021
1027,GU,Pocket Pool,1,1.16,1.16,NaN,1.16,5.2,5.2,NaN,5.2,0.001,4.483
1027,GU,Pool,12,15.875,10.375,13.925,190.5,26.083,22.8,15.089,313,0.113,1.643
1027,GU,Riffle,5,60.33,24.44,76.672,301.65,60.6,49.4,44.845,303,0.179,1.004
1027,GU,Transition,8,42.383,35.11,35.141,339.06,98.525,110.4,37.435,788.2,0.201,2.325
1029,GU,Bank,13,11.302,9.33,8.836,146.93,58.292,46.4,41.842,757.798,0.086,5.158
1029,GU,Chute,5,11.488,10.46,8.733,57.44,40.399,29.4,20.944,201.997,0.034,3.517
1029,GU,Glide-Run,9,48.123,29.62,57.515,433.103,110.998,71.8,114.462,998.982,0.254,2.307
1029,GU,Margin Attached Bar,16,15.794,7.765,18.256,252.7,34.712,30.5,24.918,555.4,0.148,2.198
1029,GU,Mid Channel Bar,12,15.587,2.889,24.23,187.038,28.734,8.104,44.943,344.807,0.11,1.843
1029,GU,Pocket Pool,8,1.282,1.4,0.36,10.26,6.5,6.2,1.753,52,0.006,5.07
1029,GU,Pond,1,8.47,8.47,NaN,8.47,15.6,15.6,NaN,15.6,0.005,1.842
1029,GU,Pool,12,15.019,13.485,9.199,180.23,24.117,21.8,10.922,289.4,0.106,1.606
1029,GU,Riffle,7,14.789,15.83,10.335,103.52,29,32.4,16.179,203,0.061,1.961
1029,GU,Transition,11,29.386,13.13,26.517,323.249,103.157,61.399,81.231,1134.722,0.19,3.51
1096,GU,Bank,6,205.595,175.82,216.419,1233.57,265.1,271,209.363,1590.6,0.067,1.289
1096,GU,Chute,1,17.71,17.71,NaN,17.71,76.4,76.4,NaN,76.4,0.001,4.314
1096,GU,Glide-Run,2,3792.749,3792.749,3801.886,7585.499,1222.152,1222.152,639.157,2444.305,0.41,0.322
1096,GU,Margin Attached Bar,5,1001.684,281.92,1306.781,5008.419,489.96,349,555.793,2449.8,0.271,0.489
1096,GU,Pool,11,161.9,46.83,229.639,1780.9,74.727,42.2,72.255,822,0.096,0.462
1096,GU,Riffle,3,115.26,74.59,82.302,345.78,93.467,59.2,63.908,280.4,0.019,0.811
1096,GU,Transition,4,629.467,134.797,1061.711,2517.868,723.21,295.802,1064.086,2892.84,0.136,1.149
1164,GU,Bank,10,9.978,7.08,8.637,99.78,43.5,38.9,31.183,435,0.107,4.36
1164,GU,Chute,1,4.84,4.84,NaN,4.84,21.4,21.4,NaN,21.4,0.005,4.421
1164,GU,Glide-Run,4,79.277,84.127,55.682,317.108,115.135,132.072,63.053,460.539,0.339,1.452
1164,GU,Margin Attached Bar,11,17.959,12.15,13.801,197.55,41.873,30,21.828,460.6,0.211,2.332
1164,GU,Mid Channel Bar,3,5.845,1.09,9.192,17.535,10.833,7.4,12.606,32.498,0.019,1.853
1164,GU,Pocket Pool,6,1.365,1.255,0.375,8.19,6.667,6.2,1.917,40,0.009,4.884
1164,GU,Pool,7,5.434,5.93,2.36,38.04,14.857,16.6,4.006,104,0.041,2.734
1164,GU,Rapid,2,24.065,24.065,16.398,48.13,44,44,34.224,88,0.051,1.828
1164,GU,Riffle,2,4.11,4.11,3.394,8.22,11.8,11.8,5.657,23.6,0.009,2.871
1164,GU,Transition,4,49.182,25.42,55.663,196.727,153.486,98.7,132.88,613.945,0.21,3.121
1175,GU,Bank,11,8.295,8.43,6.534,91.24,53.964,48.8,44.052,593.601,0.085,6.506
1175,GU,Chute,1,8.24,8.24,NaN,8.24,39.4,39.4,NaN,39.4,0.008,4.782
1175,GU,Glide-Run,5,61.017,23.39,80.112,305.084,127.554,61.999,157.581,637.769,0.285,2.09
1175,GU,Margin Attached Bar,16,11.5,5.155,12.242,184.007,29.656,22.55,20.731,474.5,0.172,2.579
1175,GU,Mid Channel Bar,6,14.602,10.585,16.735,87.61,26.467,20.6,28.839,158.8,0.082,1.813
1175,GU,Pocket Pool,10,1.052,1.1,0.291,10.52,5.04,4.7,1.066,50.4,0.01,4.791
1175,GU,Pool,12,5.177,3.015,4.679,62.12,14.767,9.7,9.68,177.2,0.058,2.852
1175,GU,Rapid,2,31.29,31.29,31.282,62.58,69.7,69.7,68.024,139.4,0.058,2.228
1175,GU,Riffle,4,6.685,6.035,6.092,26.74,14.25,15.2,8.887,57,0.025,2.132
1175,GU,Transition,8,29.1,27.435,20.001,232.8,116.68,105.818,78.479,933.443,0.217,4.01
1448,GU,Bank,24,10.313,7.33,8.831,247.51,41.35,34.7,28.42,992.4,0.058,4.01
1448,GU,Chute,7,8.756,0.005,17.697,61.295,22.529,0.335,33.052,157.701,0.014,2.573
1448,GU,Glide-Run,8,123.236,62.938,185.054,985.886,166.446,124.2,176.059,1331.571,0.233,1.351
1448,GU,Margin Attached Bar,44,30.35,8.18,42.468,1335.389,39.206,25.2,43.074,1725.061,0.316,1.292
1448,GU,Mid Channel Bar,3,24.467,11.9,30.461,73.4,24.4,17.6,21.81,73.2,0.017,0.997
1448,GU,Pocket Pool,1,2.41,2.41,NaN,2.41,7,7,NaN,7,0.001,2.905
1448,GU,Pond,1,4.81,4.81,NaN,4.81,11,11,NaN,11,0.001,2.287
1448,GU,Pool,11,55.12,35.05,78.138,606.32,54.364,40.6,61.309,598,0.143,0.986
1448,GU,Riffle,6,28.663,27.955,22.2,171.98,30.5,32.3,16.179,183,0.041,1.064
1448,GU,Transition,10,74.324,51.825,62.89,743.24,178.06,142.7,134.647,1780.599,0.176,2.396
1486,GU,Bank,5,100.256,42.44,118.979,501.28,251.48,127.2,274.275,1257.4,0.15,2.508
1486,GU,Glide-Run,3,534.857,85.4,818.457,1604.57,396.6,118.2,552.934,1189.8,0.481,0.742
1486,GU,Margin Attached Bar,7,53.589,25.96,63.166,375.12,85.371,47,86.994,597.6,0.112,1.593
1486,GU,Mid Channel Bar,1,51.28,51.28,NaN,51.28,100.2,100.2,NaN,100.2,0.015,1.954
1486,GU,Pocket Pool,3,1.77,1.78,0.305,5.31,7.133,6.6,1.286,21.4,0.002,4.03
1486,GU,Pool,12,32.635,10.75,52.98,391.62,33.833,19,34.6,406,0.117,1.037
1486,GU,Riffle,1,40.56,40.56,NaN,40.56,42,42,NaN,42,0.012,1.036
1486,GU,Transition,8,45.651,30.43,43.193,365.21,117.35,91.2,68.37,938.8,0.11,2.571
1494,GU,Bank,2,328.115,328.115,113.314,656.23,749.6,749.6,5.374,1499.2,0.155,2.285
1494,GU,Glide-Run,3,668.74,62.86,1100.501,2006.22,416.6,176,566.418,1249.8,0.475,0.623
1494,GU,Margin Attached Bar,9,62.012,37.38,58.292,558.11,98.267,94.8,74.039,884.4,0.132,1.585
1494,GU,Mid Channel Bar,1,3.27,3.27,NaN,3.27,8.6,8.6,NaN,8.6,0.001,2.63
1494,GU,Pocket Pool,1,1.67,1.67,NaN,1.67,7,7,NaN,7,0,4.192
1494,GU,Pool,9,61.704,40.41,68.579,555.34,53.667,42.6,45.62,483,0.131,0.87
1494,GU,Rapid,1,16.01,16.01,NaN,16.01,29.8,29.8,NaN,29.8,0.004,1.861
1494,GU,Transition,7,61.117,53.1,34.694,427.82,167.543,106.6,108.401,1172.8,0.101,2.741
1521,GU,Bank,10,264.028,67.42,342.851,2640.279,256.039,83.8,330.018,2560.394,0.124,0.97
1521,GU,Glide-Run,2,5189.17,5189.17,5193.352,10378.341,1477.491,1477.491,939.732,2954.983,0.486,0.285
1521,GU,Margin Attached Bar,7,491.653,201.94,622.99,3441.572,303.543,164,298.646,2124.8,0.161,0.617
1521,GU,Mid Channel Bar,4,10.125,9.865,4.38,40.5,14.35,14.8,3.065,57.4,0.002,1.417
1521,GU,Pocket Pool,5,5.318,4.6,1.467,26.59,11.24,9.6,2.643,56.2,0.001,2.114
1521,GU,Pool,10,186.887,83.445,234.664,1868.872,81.66,55.9,65.053,816.6,0.087,0.437
1521,GU,Riffle,2,363.14,363.14,258.944,726.28,274.1,274.1,227.264,548.2,0.034,0.755
1521,GU,Transition,6,374.752,424.696,274.577,2248.512,616.697,682.3,508.14,3700.182,0.105,1.646
1545,GU,Bank,14,4.023,3.655,3.046,56.32,25.743,21.099,17.314,360.402,0.093,6.399
1545,GU,Chute,2,8.06,8.06,4.016,16.12,30.4,30.4,12.445,60.8,0.027,3.772
1545,GU,Glide-Run,5,46.813,35.45,43.698,234.066,91.179,87.502,90.82,455.893,0.386,1.948
1545,GU,Margin Attached Bar,13,7.368,3.07,11.585,95.783,29.718,18.6,33.082,386.339,0.158,4.033
1545,GU,Mid Channel Bar,6,10.155,6.21,10.152,60.93,35.9,22.3,36.848,215.4,0.101,3.535
1545,GU,Pocket Pool,6,0.898,0.93,0.278,5.39,5.367,5.3,1.196,32.2,0.009,5.977
1545,GU,Pool,8,2.135,2.09,0.618,17.08,8.55,8,2.407,68.4,0.028,4.005
1545,GU,Rapid,3,10.867,9.4,4.878,32.6,28,21.2,14.09,84,0.054,2.577
1545,GU,Riffle,2,3.425,3.425,3.033,6.85,14,14,7.92,28,0.011,4.088
1545,GU,Transition,7,11.553,10.69,6.172,80.871,55.646,54.739,26.425,389.521,0.133,4.817
1549,GU,Bank,12,7.351,4.535,9.23,88.21,42.95,27,50.931,515.4,0.158,5.843
1549,GU,Glide-Run,2,97.84,97.84,128.792,195.68,213.299,213.299,256.678,426.598,0.351,2.18
1549,GU,Margin Attached Bar,11,8.813,4.64,8.94,96.94,29.8,27.4,20.052,327.8,0.174,3.381
1549,GU,Mid Channel Bar,1,0.01,0.01,NaN,0.01,0.383,0.383,NaN,0.383,0,38.3
1549,GU,Pocket Pool,5,0.726,0.65,0.196,3.63,4.64,4,1.322,23.2,0.007,6.391
1549,GU,Pond,1,2.17,2.17,NaN,2.17,7,7,NaN,7,0.004,3.226
1549,GU,Pool,5,4.998,3.8,3.677,24.99,15.92,11.6,7.981,79.6,0.045,3.185
1549,GU,Riffle,3,1.757,1.12,1.64,5.27,6.933,5.4,4.5,20.8,0.009,3.946
1549,GU,Transition,7,20.061,17.76,12.08,140.43,80.826,57.2,49.108,565.784,0.252,4.029
157,GU,Bank,9,4.56,3.7,3.614,41.04,38.2,31.6,27.833,343.797,0.088,8.377
157,GU,Cascade,1,14.64,14.64,NaN,14.64,27.602,27.602,NaN,27.602,0.031,1.885
157,GU,Glide-Run,5,7.291,4.43,4.516,36.456,22.802,19.67,6.516,114.008,0.078,3.127
157,GU,Margin Attached Bar,12,10.318,7.63,9.033,123.81,30.75,27.9,20.597,369,0.265,2.98
157,GU,Mid Channel Bar,5,7.224,2.04,10.42,36.119,24.305,8.8,31.541,121.526,0.077,3.364
157,GU,Pocket Pool,7,0.826,0.84,0.22,5.78,4.629,4.2,0.582,32.4,0.012,5.604
157,GU,Pool,4,3.59,3.445,2.07,14.36,10.75,11,3.263,43.001,0.031,2.994
157,GU,Rapid,6,19.944,9.395,18.806,119.662,39.606,29.454,23.639,237.635,0.256,1.986
157,GU,Riffle,3,3.203,3.4,1.465,9.61,10.4,11,3.143,31.2,0.021,3.247
157,GU,Transition,7,9.453,10.69,4.474,66.172,42.891,45.2,16.95,300.238,0.141,4.537
1587,GU,Bank,12,30.821,20.905,28.424,369.85,83.783,53.6,70.968,1005.4,0.108,2.718
1587,GU,Glide-Run,2,865.74,865.74,786.303,1731.481,453.672,453.672,294.825,907.345,0.508,0.524
1587,GU,Margin Attached Bar,11,58.92,44.99,61.634,648.12,80.164,95.2,60.468,881.8,0.19,1.361
1587,GU,Pocket Pool,10,2.457,2.485,0.764,24.57,8.7,8.1,3.154,87,0.007,3.541
1587,GU,Pool,6,13.892,10.815,6.896,83.35,20.6,19.5,6.673,123.6,0.024,1.483
1587,GU,Riffle,1,94.74,94.74,NaN,94.74,87.4,87.4,NaN,87.4,0.028,0.923
1587,GU,Transition,9,50.901,44.859,37.832,458.109,125.838,141.8,32.45,1132.545,0.134,2.472
1596,GU,Bank,13,63.933,50.66,51.865,831.13,119.815,82.4,87.829,1557.6,0.107,1.874
1596,GU,Glide-Run,7,346.973,367.88,239.29,2428.811,243.569,225.4,135.836,1704.982,0.314,0.702
1596,GU,Margin Attached Bar,8,153.861,144.82,140.682,1230.891,138.6,167.8,94.656,1108.8,0.159,0.901
1596,GU,Mid Channel Bar,3,104.29,6.35,171.894,312.87,144.733,12,230.594,434.2,0.04,1.388
1596,GU,Pocket Pool,2,3.235,3.235,0.7,6.47,9.8,9.8,1.414,19.6,0.001,3.029
1596,GU,Pool,12,54.11,28.07,55.657,649.321,43.333,32.1,31.417,520,0.084,0.801
1596,GU,Riffle,3,32.75,20.66,32.223,98.25,31.467,25.8,16.64,94.4,0.013,0.961
1596,GU,Transition,2,1093.224,1093.224,1479.358,2186.448,1141.291,1141.291,1433.293,2282.583,0.282,1.044
1602,GU,Bank,13,60.116,42.42,53.641,781.51,128.169,88.2,107.422,1666.2,0.108,2.132
1602,GU,Glide-Run,5,478.548,121.88,567.737,2392.74,342.56,147,347.976,1712.8,0.33,0.716
1602,GU,Margin Attached Bar,12,86.053,53.6,82.511,1032.64,115.167,104.4,80.578,1382,0.142,1.338
1602,GU,Mid Channel Bar,5,88.031,22.14,109.61,440.153,64.528,23,69.797,322.642,0.061,0.733
1602,GU,Pocket Pool,8,3.074,3.015,0.851,24.59,8.9,8.6,1.68,71.2,0.003,2.895
1602,GU,Pool,14,33.403,21.515,37.715,467.64,29.871,22.9,19.282,418.2,0.064,0.894
1602,GU,Riffle,1,10.94,10.94,NaN,10.94,18.4,18.4,NaN,18.4,0.002,1.682
1602,GU,Transition,2,1051.538,1051.538,1413.419,2103.077,1255.887,1255.887,1671.724,2511.774,0.29,1.194
1621,GU,Bank,15,5.247,3.79,4.522,78.7,31.227,23.6,25.566,468.4,0.155,5.951
1621,GU,Glide-Run,5,39.632,32.31,42.953,198.16,93.559,77.998,84.777,467.797,0.39,2.361
1621,GU,Margin Attached Bar,17,4.945,4.22,4.247,84.06,19.776,17,11.993,336.197,0.165,3.999
1621,GU,Mid Channel Bar,2,0.47,0.47,0.028,0.94,3.4,3.4,0.283,6.8,0.002,7.234
1621,GU,Pocket Pool,7,0.611,0.62,0.103,4.28,4.057,4,1.1,28.4,0.008,6.64
1621,GU,Pool,15,4.447,3.46,2.936,66.7,12.48,11,6.249,187.2,0.131,2.806
1621,GU,Riffle,5,5.62,5.77,5.36,28.1,12.64,15.4,8.094,63.2,0.055,2.249
1621,GU,Transition,7,6.826,6.76,2.79,47.78,27.171,25.8,12.467,190.2,0.094,3.981
1735,GU,Bank,15,12.844,6.24,18.029,192.66,59.226,27.201,77.239,888.386,0.092,4.611
1735,GU,Glide-Run,8,52.182,31.855,41.255,417.46,102.225,100.9,51.902,817.801,0.2,1.959
1735,GU,Margin Attached Bar,17,23.919,11.9,26.746,406.62,44.094,31.4,39.604,749.6,0.195,1.843
1735,GU,Mid Channel Bar,4,19.742,20.1,18.761,78.97,32.45,32.9,27.322,129.8,0.038,1.644
1735,GU,Pocket Pool,11,1.799,1.89,0.466,19.79,7.091,6.8,1.468,78,0.009,3.942
1735,GU,Pool,17,9.067,6.53,6.365,154.14,16.447,14.8,5.558,279.6,0.074,1.814
1735,GU,Rapid,3,41.45,38.949,14.137,124.349,63.4,60.2,13.879,190.2,0.06,1.53
1735,GU,Riffle,8,17.275,12.86,14.422,138.2,32.35,26.099,22.989,258.798,0.066,1.873
1735,GU,Transition,6,92.513,38.22,126.049,555.08,251.231,144.997,246.858,1507.389,0.266,2.716
1783,GU,Bank,5,270.166,364.95,170.719,1350.831,331.28,418.4,157.63,1656.401,0.135,1.226
1783,GU,Glide-Run,4,774.375,418.769,994.725,3097.501,383.8,215.5,471.421,1535.199,0.31,0.496
1783,GU,Margin Attached Bar,5,338.12,162.85,411.132,1690.602,249.08,116.4,239.448,1245.4,0.169,0.737
1783,GU,Mid Channel Bar,2,34,34,9.815,68,29.4,29.4,6.223,58.8,0.007,0.865
1783,GU,Pocket Pool,5,5.698,4.89,1.19,28.49,13.08,10.8,3.893,65.4,0.003,2.296
1783,GU,Pool,7,51.731,25.99,61.255,362.119,41.514,34.4,22.875,290.6,0.036,0.802
1783,GU,Riffle,2,215.875,215.875,101.406,431.75,133.499,133.499,50.769,266.999,0.043,0.618
1783,GU,Transition,2,1473.716,1473.716,803.259,2947.432,1018.8,1018.8,490.167,2037.601,0.295,0.691
1793,GU,Bank,4,360.705,329.835,294.437,1442.82,382.15,343.6,309.551,1528.6,0.145,1.059
1793,GU,Glide-Run,3,1815.544,738.612,2508.372,5446.631,509.533,429.8,530.315,1528.6,0.546,0.281
1793,GU,Margin Attached Bar,7,147.546,144.61,64.264,1032.82,141.171,151.2,49.404,988.2,0.104,0.957
1793,GU,Mid Channel Bar,5,67.318,59.92,39.744,336.59,39.36,37.4,15.713,196.8,0.034,0.585
1793,GU,Pocket Pool,2,6.22,6.22,2.659,12.44,12.4,12.4,2.263,24.8,0.001,1.994
1793,GU,Pool,6,64.817,36.425,87.173,388.9,43.267,29.2,43.255,259.6,0.039,0.668
1793,GU,Riffle,3,145.347,144.35,89.609,436.04,108.4,82.8,76.675,325.199,0.044,0.746
1793,GU,Transition,7,126.029,91.19,109.302,882.2,223.486,169.2,123.706,1564.4,0.088,1.773
1846,GU,Bank,6,136.282,15.66,222.257,817.69,218.4,40.8,330.587,1310.399,0.068,1.603
1846,GU,Glide-Run,4,760.772,507.885,576.086,3043.087,514.439,468.1,192.873,2057.757,0.254,0.676
1846,GU,Margin Attached Bar,4,745.438,164.735,1264.241,2981.752,357.8,98.6,562.204,1431.201,0.249,0.48
1846,GU,Mid Channel Bar,2,29.273,29.273,37.996,58.545,22.439,22.439,22.855,44.878,0.005,0.767
1846,GU,Pocket Pool,3,4.24,4.14,0.2,12.72,10.467,10.2,1.026,31.4,0.001,2.469
1846,GU,Pond,2,36.805,36.805,38.148,73.61,27.2,27.2,17.536,54.4,0.006,0.739
1846,GU,Pool,7,229.699,206.77,230.269,1607.89,108.286,95.2,101.156,758,0.134,0.471
1846,GU,Riffle,5,224.326,173.49,227.728,1121.632,111.08,120.8,65.881,555.399,0.094,0.495
1846,GU,Transition,6,378.438,138.118,650.795,2270.627,440.946,274.4,514.192,2645.677,0.189,1.165
1967,GU,Bank,16,5.323,3.3,5.555,85.17,29.937,18.999,25.41,478.999,0.086,5.624
1967,GU,Glide-Run,10,20.968,21.48,12.84,209.68,74.04,72.4,35.529,740.4,0.212,3.531
1967,GU,Margin Attached Bar,23,10.227,6.27,10.867,235.22,36.087,24,34.46,830,0.238,3.529
1967,GU,Mid Channel Bar,4,3.81,0.715,6.207,15.24,17.05,5.8,23.443,68.2,0.015,4.475
1967,GU,"NA",1,0.84,0.84,NaN,0.84,10,10,NaN,10,0.001,11.905
1967,GU,Pocket Pool,3,0.7,0.61,0.182,2.1,4.2,4.4,0.529,12.6,0.002,6
1967,GU,Pool,17,9.705,7.94,8.255,164.98,19.929,16.2,14.345,338.8,0.167,2.053
1967,GU,Riffle,4,10.977,13.285,6.453,43.91,21.7,25.9,10.396,86.8,0.044,1.977
1967,GU,Transition,12,19.24,13.52,16.862,230.88,80.95,60.4,62.921,971.4,0.234,4.207
197,GU,Bank,10,13.436,8.185,13.478,134.359,64.68,41.901,59.175,646.798,0.136,4.814
197,GU,Cascade,8,45.668,28.177,44.793,365.341,82.21,51.958,69.827,657.682,0.37,1.8
197,GU,Glide-Run,1,27.62,27.62,NaN,27.62,29.6,29.6,NaN,29.6,0.028,1.072
197,GU,Margin Attached Bar,12,7.007,5.28,6.199,84.08,23.717,16.9,21.094,284.6,0.085,3.385
197,GU,Mid Channel Bar,14,8.221,4.78,9.997,115.09,17.795,14.5,15.884,249.137,0.116,2.165
197,GU,"NA",1,2.18,2.18,NaN,2.18,17.598,17.598,NaN,17.598,0.002,8.072
197,GU,Pocket Pool,5,0.808,0.76,0.173,4.04,5.04,4.6,1.108,25.2,0.004,6.238
197,GU,Pool,12,6.134,4.69,5.078,73.61,12.1,11.6,4.583,145.2,0.074,1.973
197,GU,Rapid,3,14.063,9.05,9.974,42.19,25.466,26.8,10.464,76.399,0.043,1.811
197,GU,Riffle,5,1.946,1.97,0.692,9.73,7.16,7.4,1.774,35.8,0.01,3.679
197,GU,Transition,9,14.468,9.771,13.479,130.21,53.577,34.4,41.096,482.195,0.132,3.703
2014,GU,Bank,14,6.693,7.205,3.58,93.7,40.571,45.799,20.084,567.995,0.109,6.062
2014,GU,Glide-Run,10,16.386,14.57,13.273,163.861,62.258,57.899,41.9,622.577,0.191,3.799
2014,GU,Margin Attached Bar,21,8.766,3.55,9.902,184.085,26.825,20.4,22.638,563.325,0.215,3.06
2014,GU,Mid Channel Bar,6,4.65,4.41,2.964,27.9,11.733,10.6,6.231,70.399,0.033,2.523
2014,GU,Pocket Pool,2,0.64,0.64,0.028,1.28,4.9,4.9,1.556,9.8,0.001,7.656
2014,GU,Pool,18,7.177,6.56,4.34,129.18,17.456,14.8,8.849,314.199,0.151,2.432
2014,GU,Rapid,1,9.6,9.6,NaN,9.6,34.4,34.4,NaN,34.4,0.011,3.583
2014,GU,Riffle,9,10.756,8.91,6.446,96.8,22.533,23.6,8.875,202.799,0.113,2.095
2014,GU,Transition,10,15.009,15.39,5.411,150.087,60.095,59.6,17.249,600.945,0.175,4.004
2019,GU,Bank,17,27.677,20.08,24.504,470.51,113.941,75,104.602,1937,0.092,4.117
2019,GU,Chute,2,5.3,5.3,0.537,10.6,27.1,27.1,5.798,54.2,0.002,5.113
2019,GU,Glide-Run,8,207.037,37.94,318.86,1656.297,249.22,100.3,319.634,1993.762,0.324,1.204
2019,GU,Margin Attached Bar,22,41.538,18.555,52.906,913.83,76.518,39.6,79.138,1683.4,0.179,1.842
2019,GU,Mid Channel Bar,7,13.961,8.75,13.078,97.725,19.507,14.6,11.799,136.55,0.019,1.397
2019,GU,Pocket Pool,8,1.605,1.4,0.498,12.84,6.45,6.1,1.165,51.6,0.003,4.019
2019,GU,Pool,31,17.559,10.02,18.499,544.32,23.813,17.6,16.836,738.2,0.107,1.356
2019,GU,Rapid,1,7.58,7.58,NaN,7.58,15.6,15.6,NaN,15.6,0.001,2.058
2019,GU,Riffle,7,55.774,43.08,47.893,390.42,75.571,68.6,54.446,529,0.076,1.355
2019,GU,Transition,17,59.008,33.44,75.336,1003.129,146.474,105.597,164.956,2490.058,0.196,2.482
2021,GU,Bank,8,23.681,13.005,21.357,189.45,95.3,63.9,69.25,762.4,0.164,4.024
2021,GU,Glide-Run,6,46.323,34.755,34.684,277.94,108.233,96.2,38.605,649.4,0.24,2.336
2021,GU,Margin Attached Bar,13,10.435,8.68,10.917,135.65,38.431,32.6,25.685,499.6,0.117,3.683
2021,GU,Mid Channel Bar,5,2.464,2.34,0.986,12.32,12.08,11.6,3.936,60.4,0.011,4.903
2021,GU,Pool,10,17.958,17.83,10.271,179.58,28,30.3,11.175,280,0.155,1.559
2021,GU,Riffle,5,22.448,10.85,23.392,112.24,31.64,26.8,18.913,158.2,0.097,1.409
2021,GU,Transition,11,22.645,17.53,17.359,249.09,65.327,63,28.94,718.6,0.215,2.885
2026,GU,Bank,22,33.591,17,47.494,739,93.8,56.6,111.275,2063.6,0.11,2.792
2026,GU,Chute,1,19.65,19.65,NaN,19.65,66.2,66.2,NaN,66.2,0.003,3.369
2026,GU,Glide-Run,12,172.294,31.04,305.24,2067.531,223.009,96.301,304.4,2676.113,0.309,1.294
2026,GU,Margin Attached Bar,22,32.46,15.005,36.816,714.11,66.718,45.3,58.876,1467.8,0.107,2.055
2026,GU,Mid Channel Bar,10,60.663,13.585,93.667,606.63,77.66,22.2,119.713,776.6,0.091,1.28
2026,GU,Pocket Pool,9,1.824,1.82,0.338,16.42,6.822,6.8,1.084,61.4,0.002,3.74
2026,GU,Pond,2,7.915,7.915,4.929,15.83,13.9,13.9,3.818,27.8,0.002,1.756
2026,GU,Pool,27,29.04,15.2,36.127,784.08,33.326,21.8,28.728,899.8,0.117,1.148
2026,GU,Riffle,13,39.568,21.64,34.296,514.379,55.839,43.8,39.741,725.907,0.077,1.411
2026,GU,Transition,12,100.9,32.915,146.648,1210.801,225.584,107.3,240.325,2707.012,0.181,2.236
2027,GU,Bank,6,198.16,63.1,349.78,1188.96,376.967,164.9,568.813,2261.801,0.083,1.902
2027,GU,Glide-Run,1,5982.652,5982.652,NaN,5982.652,3204.736,3204.736,NaN,3204.736,0.417,0.536
2027,GU,Margin Attached Bar,8,291.866,81.37,640.637,2334.93,221.775,106.9,372.162,1774.2,0.163,0.76
2027,GU,Mid Channel Bar,5,202.032,4.87,344.958,1010.159,101.652,15.8,137.479,508.26,0.07,0.503
2027,GU,Pocket Pool,8,4.164,4.12,0.716,33.31,10.175,10.6,1.022,81.4,0.002,2.444
2027,GU,Pool,27,54.763,23.98,68.59,1478.59,40.156,27.6,35.567,1084.2,0.103,0.733
2027,GU,Transition,5,465.36,434.05,512.098,2326.799,759.959,627.534,699.206,3799.795,0.162,1.633
2028,GU,Bank,12,56.255,52.96,54.641,675.06,151.133,139.8,147.204,1813.6,0.117,2.687
2028,GU,Glide-Run,1,3242.759,3242.759,NaN,3242.759,1606.255,1606.255,NaN,1606.255,0.564,0.495
2028,GU,Margin Attached Bar,12,73.119,46,82.397,877.43,114.3,66.1,119.278,1371.6,0.153,1.563
2028,GU,Mid Channel Bar,6,17.048,11.86,13.865,102.29,19.133,17.4,9.028,114.8,0.018,1.122
2028,GU,Pocket Pool,8,2.84,2.86,0.546,22.72,8.075,8.4,0.74,64.6,0.004,2.843
2028,GU,Pool,18,19.993,7.275,28.264,359.88,22.544,12.4,21.635,405.8,0.063,1.128
2028,GU,Transition,8,58.664,60.705,42.444,469.312,191.051,135,165.409,1528.408,0.082,3.257
2051,GU,Bank,10,14.477,12.145,13.955,144.77,74.56,67.3,65.659,745.6,0.125,5.15
2051,GU,Glide-Run,12,19.379,16,11.738,232.55,62.1,49.3,34.389,745.2,0.201,3.204
2051,GU,Margin Attached Bar,30,8.047,6.61,8.515,241.41,21.72,17.6,16.86,651.6,0.209,2.699
2051,GU,Mid Channel Bar,3,2.26,1.38,2.01,6.78,8.067,5.4,5.69,24.2,0.006,3.569
2051,GU,Pocket Pool,5,0.94,0.91,0.098,4.7,5.04,5,0.573,25.2,0.004,5.362
2051,GU,Pond,2,5.035,5.035,3.811,10.07,11.8,11.8,4.525,23.6,0.009,2.344
2051,GU,Pool,17,8.995,6.58,7.529,152.91,16.882,14.2,11.403,287,0.132,1.877
2051,GU,Rapid,3,8.383,7.75,1.274,25.15,29.133,32,13.923,87.4,0.022,3.475
2051,GU,Riffle,13,8.693,7.24,9.267,113.01,18.538,18,11.098,241,0.098,2.133
2051,GU,Transition,17,13.205,11.63,8.443,224.48,49.894,46.8,18.916,848.2,0.194,3.778
2056,GU,Bank,11,82.853,79.64,63.74,911.38,130.054,116.2,93.918,1430.597,0.165,1.57
2056,GU,Glide-Run,2,1391.675,1391.675,86.812,2783.349,692.992,692.992,90.953,1385.985,0.503,0.498
2056,GU,Margin Attached Bar,11,63.005,61.21,45.123,693.05,114.036,98.6,81.296,1254.4,0.125,1.81
2056,GU,Mid Channel Bar,2,2.865,2.865,1.082,5.73,10,10,4.243,20,0.001,3.49
2056,GU,Pocket Pool,7,3.173,3.34,0.913,22.21,9.057,9.8,1.37,63.4,0.004,2.854
2056,GU,Pool,15,26.131,10.16,30.854,391.97,27.613,17.6,21.06,414.2,0.071,1.057
2056,GU,Rapid,1,137.64,137.64,NaN,137.64,91.199,91.199,NaN,91.199,0.025,0.663
2056,GU,Riffle,2,60.26,60.26,12.799,120.52,71.8,71.8,8.485,143.6,0.022,1.192
2056,GU,Transition,9,52.429,46.35,24.865,471.858,142.943,181.806,74.54,1286.489,0.085,2.726
2060,GU,Bank,3,312.628,448.161,268.433,937.883,684.337,1012.212,575.349,2053.012,0.131,2.189
2060,GU,Glide-Run,1,4229.713,4229.713,NaN,4229.713,1409.599,1409.599,NaN,1409.599,0.591,0.333
2060,GU,Margin Attached Bar,11,106.124,120.589,67.758,1167.367,154.782,162.2,96.992,1702.6,0.163,1.459
2060,GU,Mid Channel Bar,1,2.48,2.48,NaN,2.48,8,8,NaN,8,0,3.226
2060,GU,Pocket Pool,6,3.393,3.375,0.457,20.36,9.933,9.9,1.237,59.6,0.003,2.927
2060,GU,Pool,13,11.571,8.08,6.922,150.42,17.4,14.2,5.743,226.2,0.021,1.504
2060,GU,Riffle,1,23.95,23.95,NaN,23.95,29.8,29.8,NaN,29.8,0.003,1.244
2060,GU,Transition,7,88.746,57.3,84.437,621.22,275.943,213.8,200.417,1931.6,0.087,3.109
2061,GU,Bank,15,15.172,8,13.89,227.58,64.426,43.404,51.222,966.396,0.094,4.246
2061,GU,Glide-Run,12,51.288,23.68,69.795,615.46,100.583,83.301,91.054,1207,0.255,1.961
2061,GU,Margin Attached Bar,27,17.453,11.05,15.311,471.242,35.274,33.6,21.232,952.399,0.195,2.021
2061,GU,Mid Channel Bar,2,47.64,47.64,26.205,95.28,80.4,80.4,50.346,160.799,0.04,1.688
2061,GU,Pocket Pool,2,4.685,4.685,3.048,9.37,10.4,10.4,4.242,20.8,0.004,2.22
2061,GU,Pond,1,4.04,4.04,NaN,4.04,9.2,9.2,NaN,9.2,0.002,2.277
2061,GU,Pool,16,24.915,21.295,18.806,398.64,30.1,28.6,17.438,481.601,0.165,1.208
2061,GU,Riffle,9,20.431,7.76,25.19,183.88,32.644,17.8,30.167,293.797,0.076,1.598
2061,GU,Transition,7,57.919,22.99,85.704,405.432,168.628,46,231.229,1180.394,0.168,2.911
2065,GU,Bank,7,54.207,20.75,65.251,379.45,146.172,70.6,151.254,1023.201,0.122,2.697
2065,GU,Glide-Run,8,110.335,82.03,111.718,882.68,98.85,67.5,81.059,790.798,0.284,0.896
2065,GU,Margin Attached Bar,14,48.32,21.395,52.495,676.48,75.243,60.2,61.189,1053.4,0.218,1.557
2065,GU,Mid Channel Bar,1,5.8,5.8,NaN,5.8,11.8,11.8,NaN,11.8,0.002,2.034
2065,GU,Pocket Pool,5,2.83,2.85,0.414,14.15,8.76,8.8,1.024,43.8,0.005,3.095
2065,GU,Pool,9,16.11,11.53,10.876,144.99,19.222,18.2,5.113,173,0.047,1.193
2065,GU,Rapid,1,109.18,109.18,NaN,109.18,89.6,89.6,NaN,89.6,0.035,0.821
2065,GU,Riffle,5,25.342,14.83,23.578,126.71,27.64,21.4,16.034,138.2,0.041,1.091
2065,GU,Transition,5,153.04,12.84,310.485,765.2,277.8,37.001,540.91,1389.001,0.246,1.815
2133,GU,Bank,15,2.803,2.75,2.217,42.05,24.16,21.6,17.123,362.401,0.094,8.619
2133,GU,Glide-Run,8,8.047,8.945,5.423,64.376,36.023,34.9,20.881,288.185,0.144,4.477
2133,GU,Margin Attached Bar,16,7.063,3.76,8.039,113.01,24.575,16.9,20.27,393.2,0.253,3.479
2133,GU,Mid Channel Bar,3,2.088,1.62,1.316,6.264,8.468,6,4.625,25.403,0.014,4.056
2133,GU,Pocket Pool,3,0.617,0.62,0.215,1.85,4.267,4.2,0.503,12.8,0.004,6.916
2133,GU,Pool,14,5.083,4.19,2.767,71.16,15.414,13.6,5.304,215.799,0.159,3.032
2133,GU,Rapid,2,14.06,14.06,3.734,28.12,62.298,62.298,36.063,124.596,0.063,4.431
2133,GU,Riffle,7,6.243,5.88,3.639,43.7,18,18.402,8.76,126.002,0.098,2.883
2133,GU,Transition,7,10.92,6.53,7.955,76.44,50.971,43.6,31.058,356.798,0.171,4.668
2140,GU,Bank,28,17.025,11.19,18.698,476.71,70.314,53.2,68.819,1968.798,0.052,4.13
2140,GU,Glide-Run,22,90.169,29.16,158.254,1983.716,161.346,95.9,174.79,3549.619,0.216,1.789
2140,GU,Margin Attached Bar,27,84.783,51.12,102.184,2289.129,122.737,61.6,184.721,3313.89,0.249,1.448
2140,GU,Mid Channel Bar,30,24.194,1.155,66.122,725.828,34.529,4.8,90.857,1035.872,0.079,1.427
2140,GU,"NA",1,9.29,9.29,NaN,9.29,21.8,21.8,NaN,21.8,0.001,2.347
2140,GU,Pocket Pool,11,1.847,1.75,0.584,20.32,8.673,8.6,2.798,95.4,0.002,4.696
2140,GU,Pond,3,12.95,16.76,8.825,38.85,17.4,19.2,8.445,52.2,0.004,1.344
2140,GU,Pool,49,25.117,11.1,32.722,1230.75,31.176,23,25.432,1527.6,0.134,1.241
2140,GU,Riffle,30,17.308,11.145,22.03,519.23,30.227,23.5,26.216,906.8,0.056,1.746
2140,GU,Transition,27,70.26,42.26,86.148,1897.025,157.559,98.4,157.175,4254.082,0.206,2.243
2141,GU,Bank,12,9.233,4.33,10.518,110.8,40.9,18.4,50.551,490.8,0.116,4.43
2141,GU,Glide-Run,3,100.803,104.98,19.346,302.41,174.2,166.2,29.039,522.6,0.316,1.728
2141,GU,Margin Attached Bar,15,13.329,10.19,15.675,199.93,37.133,31.2,29.993,557,0.209,2.786
2141,GU,Mid Channel Bar,4,1.568,1.585,0.926,6.271,6.173,5.9,3.109,24.69,0.007,3.937
2141,GU,Pocket Pool,2,1.275,1.275,0.346,2.55,6.8,6.8,2.828,13.6,0.003,5.333
2141,GU,Pool,7,7.479,6.37,5.643,52.35,15,14.2,7.221,105,0.055,2.006
2141,GU,Transition,1,281.519,281.519,NaN,281.519,791.691,791.691,NaN,791.691,0.295,2.812
2145,GU,Bank,12,14.545,14.095,10.504,174.54,78.5,74.8,50.631,942,0.119,5.397
2145,GU,Cascade,5,14.334,10.87,6.262,71.67,23.68,16.6,11.189,118.4,0.049,1.652
2145,GU,Glide-Run,3,16.257,16.1,2.149,48.77,30.8,32.6,5.717,92.4,0.033,1.895
2145,GU,Margin Attached Bar,31,8.128,3.75,13.857,251.96,24.006,14.8,29.422,744.2,0.173,2.953
2145,GU,Mid Channel Bar,10,3.422,2.515,4.336,34.222,12.018,7.7,13.842,120.182,0.023,3.512
2145,GU,Pocket Pool,11,0.976,0.89,0.329,10.74,5,4.8,0.988,55,0.007,5.123
2145,GU,Pool,9,2.937,2.51,1.315,26.43,8.889,8.2,2.587,80,0.018,3.027
2145,GU,Rapid,7,80.693,86.41,52.298,564.848,98.479,94.4,51.098,689.353,0.387,1.22
2145,GU,Riffle,6,13.922,18.425,9.638,83.53,27.3,31.5,15.736,163.8,0.057,1.961
2145,GU,Transition,13,14.914,7.58,16.158,193.88,66.6,43,63.825,865.8,0.133,4.466
2153,GU,Bank,10,119.969,56.495,157.221,1199.69,174.6,103.9,198.601,1745.999,0.124,1.455
2153,GU,Chute,1,59.44,59.44,NaN,59.44,68,68,NaN,68,0.006,1.144
2153,GU,Glide-Run,4,1034.01,566.04,1323.773,4136.04,419.05,300.5,420.423,1676.2,0.426,0.405
2153,GU,Margin Attached Bar,9,204.307,63.41,221.789,1838.76,160.511,73.4,165.591,1444.6,0.189,0.786
2153,GU,Mid Channel Bar,1,4.79,4.79,NaN,4.79,9.8,9.8,NaN,9.8,0,2.046
2153,GU,Pocket Pool,8,3.61,3.625,1.007,28.88,9.325,10,1.477,74.6,0.003,2.583
2153,GU,Pool,13,29.091,17.18,42.266,378.18,27.215,20.2,20.854,353.8,0.039,0.936
2153,GU,Riffle,4,218.84,216.58,227.334,875.36,127.85,130.5,117.756,511.4,0.09,0.584
2153,GU,Transition,9,132.12,72.3,119.629,1189.08,253.311,191.8,172.637,2279.8,0.122,1.917
22,GU,Bank,16,3.821,2.545,2.608,61.13,30.288,24.9,18.081,484.6,0.112,7.927
22,GU,Chute,1,3.22,3.22,NaN,3.22,14,14,NaN,14,0.006,4.348
22,GU,Glide-Run,7,23.48,25.66,14.463,164.36,63.657,56,39.304,445.6,0.3,2.711
22,GU,Margin Attached Bar,16,4.881,3.395,4.858,78.09,21.388,16.6,15.08,342.2,0.143,4.382
22,GU,Mid Channel Bar,6,7.348,6.18,5.222,44.089,20.624,16.472,15.223,123.744,0.081,2.807
22,GU,Pocket Pool,8,0.606,0.56,0.159,4.85,4.225,4,1.285,33.8,0.009,6.972
22,GU,Pool,15,3.694,2.34,3.457,55.41,11.613,10.2,6.662,174.2,0.101,3.144
22,GU,Rapid,3,14.327,6.55,14.389,42.981,38.981,17.2,38.247,116.944,0.078,2.721
22,GU,Riffle,3,7.533,7.82,4.207,22.6,16.8,17.4,6.92,50.4,0.041,2.23
22,GU,Transition,10,7.093,6.705,3.924,70.93,36.8,40.3,15.128,368,0.13,5.188
2205,GU,Bank,9,6.404,6.23,4.457,57.64,40.422,30.6,32.033,363.8,0.099,6.312
2205,GU,Glide-Run,3,67.501,63.012,18.332,202.502,146.214,142,33.081,438.642,0.347,2.166
2205,GU,Margin Attached Bar,12,11.887,14.355,9.118,142.645,36.158,34.4,26.774,433.894,0.245,3.042
2205,GU,Mid Channel Bar,3,1.486,1.16,1.409,4.459,7.298,5.2,6.32,21.895,0.008,4.911
2205,GU,Pocket Pool,3,0.743,0.79,0.175,2.23,5.133,5.4,1.026,15.4,0.004,6.908
2205,GU,Pool,7,5.454,4.69,3.264,38.18,15.314,14,5.885,107.2,0.065,2.808
2205,GU,Riffle,3,7.52,9.52,4.859,22.56,16.933,19.8,5.493,50.8,0.039,2.252
2205,GU,Transition,8,14.094,8.945,11.543,112.753,56.699,39.6,38.387,453.593,0.193,4.023
2262,GU,Bank,5,54.714,23.78,56.198,273.57,154.24,60.6,158.639,771.2,0.08,2.819
2262,GU,Chute,1,25.14,25.14,NaN,25.14,46,46,NaN,46,0.007,1.83
2262,GU,Glide-Run,5,129.318,95.19,92.124,646.59,195.92,197,104.842,979.6,0.19,1.515
2262,GU,Margin Attached Bar,9,93.562,109.57,65.429,842.06,103.133,112.4,64.539,928.2,0.247,1.102
2262,GU,Mid Channel Bar,2,7.5,7.5,8.584,15,11.4,11.4,8.485,22.8,0.004,1.52
2262,GU,Pocket Pool,5,2.45,2.31,0.851,12.25,7.6,7.6,1.304,38,0.004,3.102
2262,GU,Pool,8,41.17,34.01,37.889,329.36,43.85,40.3,31.636,350.8,0.097,1.065
2262,GU,Riffle,3,136.553,103.15,116.765,409.66,89.8,82.2,60.758,269.4,0.12,0.658
2262,GU,Transition,9,95.213,73.03,90.498,856.92,173.511,152.8,97.372,1561.599,0.251,1.822
2265,GU,Bank,14,40.263,20.285,41.613,563.68,87.514,51.8,76.087,1225.2,0.096,2.174
2265,GU,Glide-Run,3,518.413,579.118,340.147,1555.238,381.001,488.002,255.31,1143.002,0.264,0.735
2265,GU,Margin Attached Bar,17,69.409,36.4,85.975,1179.95,80.859,53.8,66.716,1374.6,0.2,1.165
2265,GU,Mid Channel Bar,2,72.821,72.821,96.561,145.642,66.101,66.101,79.901,132.203,0.025,0.908
2265,GU,Pocket Pool,3,3.687,4.16,0.935,11.06,9.6,10.2,1.217,28.8,0.002,2.604
2265,GU,Pond,2,11.43,11.43,1.683,22.86,16.9,16.9,1.273,33.8,0.004,1.479
2265,GU,Pool,12,27.428,14.615,27.614,329.14,33,25,22.551,396,0.056,1.203
2265,GU,Rapid,2,55.59,55.59,19.078,111.18,59.4,59.4,22.345,118.8,0.019,1.069
2265,GU,Riffle,7,74.44,61.14,65.748,521.08,50.657,40.2,27.807,354.6,0.088,0.681
2265,GU,Transition,6,242.578,157.095,290.814,1455.47,298.267,228.6,309.087,1789.599,0.247,1.23
2288,GU,Bank,11,9.534,9.28,4.626,104.87,33.273,26.4,16.323,366,0.101,3.49
2288,GU,Glide-Run,4,31.325,27.275,15.35,125.3,74.35,55.6,51.376,297.399,0.12,2.374
2288,GU,Margin Attached Bar,15,19.63,18.27,17.737,294.45,42.707,38,27.316,640.6,0.283,2.176
2288,GU,Mid Channel Bar,7,9.184,0.02,21.764,64.29,19.081,0.6,42.012,133.57,0.062,2.078
2288,GU,Pocket Pool,3,0.997,0.86,0.337,2.99,5.733,5.4,0.577,17.2,0.003,5.75
2288,GU,Pool,8,13.244,9.43,11.084,105.95,28.05,25.5,18.001,224.4,0.102,2.118
2288,GU,Rapid,2,47.875,47.875,48.967,95.75,131.5,131.5,99.702,263,0.092,2.747
2288,GU,Riffle,4,11.15,10.27,8.06,44.6,24.9,26.399,11.742,99.599,0.043,2.233
2288,GU,Transition,5,40.698,36.89,24.063,203.489,159.428,169.199,75.409,797.142,0.195,3.917
2338,GU,Bank,19,3.631,2.05,3.412,68.99,24.474,18.8,21.815,465,0.139,6.74
2338,GU,Glide-Run,7,16.628,11.85,14.867,116.396,49.954,33.8,29.163,349.679,0.234,3.004
2338,GU,Margin Attached Bar,21,4.483,4.27,3.778,94.15,21.2,19.4,15.5,445.2,0.19,4.729
2338,GU,Pocket Pool,7,0.7,0.55,0.231,4.9,4.371,4.6,0.983,30.6,0.01,6.244
2338,GU,Pool,12,3.905,2.91,2.658,46.86,12.483,11.2,6.516,149.8,0.094,3.197
2338,GU,Rapid,3,9.437,9.81,3.306,28.31,27.067,27.4,8.305,81.2,0.057,2.868
2338,GU,Riffle,3,7.383,9.66,5.716,22.15,17.133,21.4,11.037,51.4,0.045,2.321
2338,GU,Transition,8,14.361,8.555,16.261,114.884,73.688,58.45,62.288,589.502,0.231,5.131
2435,GU,Bank,13,8.375,4.29,10.751,108.88,37.046,21.2,46.707,481.599,0.117,4.423
2435,GU,Glide-Run,7,43.285,24.54,43.542,302.992,82.566,73.477,68.515,577.964,0.327,1.907
2435,GU,Margin Attached Bar,17,11.462,7.57,12.287,194.85,32.518,26.6,25.529,552.8,0.21,2.837
2435,GU,Pocket Pool,6,1.133,1.08,0.261,6.8,5.767,5.6,0.916,34.6,0.007,5.09
2435,GU,Pool,14,6.919,3.8,7.498,96.86,14.414,9.6,11.141,201.8,0.104,2.083
2435,GU,Rapid,3,9.787,10.39,3.08,29.36,31,32,3.027,93,0.032,3.167
2435,GU,Riffle,2,10.26,10.26,0.537,20.52,20.9,20.9,2.121,41.8,0.022,2.037
2435,GU,Transition,7,23.913,18.09,16.457,167.388,93.223,77.478,39.867,652.559,0.18,3.898
2441,GU,Bank,18,36.746,21.651,35.707,661.422,122.828,82.6,111.884,2210.899,0.123,3.343
2441,GU,Cascade,1,7.905,7.905,NaN,7.905,23.385,23.385,NaN,23.385,0.001,2.958
2441,GU,Glide-Run,12,99.872,83.04,101.988,1198.461,229.129,159.598,190.08,2749.55,0.222,2.294
2441,GU,Margin Attached Bar,33,33.73,9.28,55.564,1113.094,53.938,27,53.896,1779.962,0.206,1.599
2441,GU,Mid Channel Bar,6,70.632,3.205,167.059,423.79,52.9,9.4,107.338,317.4,0.079,0.749
2441,GU,Pocket Pool,6,1.195,1.11,0.277,7.17,5.767,5.2,1.878,34.6,0.001,4.826
2441,GU,Pool,28,26.255,12.355,45.216,735.139,38.264,25.099,45.795,1071.391,0.136,1.457
2441,GU,Rapid,1,9.47,9.47,NaN,9.47,22,22,NaN,22,0.002,2.323
2441,GU,Riffle,12,32.057,18.38,57.862,384.68,34.466,29.699,25.964,413.597,0.071,1.075
2441,GU,Transition,20,42.73,18.91,54.084,854.605,119.239,77.9,106.642,2384.787,0.158,2.791
2447,GU,Bank,15,57.74,22.15,99.089,866.1,117.066,47.4,172.482,1755.995,0.076,2.027
2447,GU,Chute,2,13.095,13.095,0.643,26.19,67.4,67.4,7.92,134.8,0.002,5.147
2447,GU,Glide-Run,7,508.469,203.64,741.35,3559.28,474.171,401,519.872,3319.2,0.314,0.933
2447,GU,Margin Attached Bar,10,190.801,44.775,302.342,1908.009,203.16,91.4,306.584,2031.602,0.168,1.065
2447,GU,Mid Channel Bar,10,54.618,15.405,76.739,546.18,51.4,22.6,68.486,514,0.048,0.941
2447,GU,"NA",1,5.09,5.09,NaN,5.09,22.6,22.6,NaN,22.6,0,4.44
2447,GU,Pocket Pool,3,2.983,3.11,1.086,8.95,8.333,8.4,2.101,25,0.001,2.793
2447,GU,Pool,19,74.647,47.25,93.874,1418.3,56.116,46.6,46.787,1066.2,0.125,0.752
2447,GU,Riffle,6,174.952,91.095,234.027,1049.71,90.867,69.3,82.438,545.2,0.093,0.519
2447,GU,Transition,13,150.408,34.91,265.738,1955.31,276.646,89.199,400.508,3596.399,0.172,1.839
2458,GU,Bank,20,2.681,1.99,2.001,53.63,19.05,16.6,11.828,380.999,0.126,7.106
2458,GU,Cascade,8,8.448,5.165,7.303,67.587,25.742,24.7,15.953,205.933,0.159,3.047
2458,GU,Glide-Run,4,6.681,5.165,6.245,26.724,25.09,25.2,16.207,100.361,0.063,3.755
2458,GU,Margin Attached Bar,23,4.514,2.74,4.108,103.82,22.254,15.8,18.354,511.846,0.244,4.93
2458,GU,Mid Channel Bar,2,1.345,1.345,1.124,2.69,5.8,5.8,3.111,11.6,0.006,4.312
2458,GU,Pocket Pool,6,0.593,0.6,0.11,3.56,3.767,3.7,0.344,22.6,0.008,6.352
2458,GU,Pool,15,1.995,2.06,0.944,29.92,8.2,7.4,2.92,123,0.07,4.11
2458,GU,Rapid,10,7.387,5.545,3.947,73.868,23.443,20.9,7.733,234.432,0.174,3.174
2458,GU,Riffle,4,1.4,1.085,0.81,5.6,5.75,4.7,2.479,23,0.013,4.107
2458,GU,Transition,10,5.766,3.475,3.958,57.66,33.466,23.97,18.644,334.659,0.136,5.804
2459,GU,Bank,7,123.806,29.41,196.362,866.64,203.171,49.4,294.006,1422.2,0.12,1.641
2459,GU,Glide-Run,2,1873.955,1873.955,2484.37,3747.91,590.2,590.2,722.097,1180.4,0.519,0.315
2459,GU,Margin Attached Bar,5,251.43,312.11,213.774,1257.15,268.48,295.2,210.319,1342.4,0.174,1.068
2459,GU,Mid Channel Bar,1,20.36,20.36,NaN,20.36,20.4,20.4,NaN,20.4,0.003,1.002
2459,GU,Pocket Pool,3,4.513,4.56,1.091,13.54,10.667,10.6,0.503,32,0.002,2.364
2459,GU,Pool,13,19.984,12,23.364,259.79,20.354,17.2,10.74,264.6,0.036,1.019
2459,GU,Riffle,2,156.515,156.515,4.688,313.03,88.9,88.9,0.424,177.8,0.043,0.568
2459,GU,Transition,6,124.312,104.305,97.811,745.87,252,202.5,187.234,1512,0.103,2.027
2484,GU,Bank,18,9.757,7.575,10.89,175.63,46.378,31.3,54.796,834.799,0.051,4.753
2484,GU,Chute,2,68.48,68.48,64.714,136.96,106.401,106.401,95.319,212.801,0.04,1.554
2484,GU,Glide-Run,10,79.523,35.782,85.321,795.235,139.956,64.18,127.908,1399.557,0.231,1.76
2484,GU,Margin Attached Bar,24,32.968,17.36,36.855,791.22,56.625,38.7,56.459,1359,0.229,1.718
2484,GU,Mid Channel Bar,8,14.411,10.11,15.902,115.285,25.259,18.7,22.851,202.07,0.033,1.753
2484,GU,Pocket Pool,3,2.05,2.09,0.521,6.15,7.533,7.6,0.702,22.6,0.002,3.675
2484,GU,Pool,14,17.519,12.935,17.623,245.27,26.157,22.6,15.645,366.2,0.071,1.493
2484,GU,Riffle,3,93.863,101.78,78.336,281.59,71.934,67.6,50.44,215.801,0.082,0.766
2484,GU,Transition,6,150.268,33.67,207.134,901.61,333.093,70.1,437.713,1998.557,0.261,2.217
2499,GU,Bank,10,106.711,34.864,198.488,1067.107,147.639,66.597,241.171,1476.385,0.144,1.384
2499,GU,Glide-Run,1,3726.919,3726.919,NaN,3726.919,1391.8,1391.8,NaN,1391.8,0.502,0.373
2499,GU,Margin Attached Bar,10,116.791,79.014,144.734,1167.914,139.12,110,133.619,1391.199,0.157,1.191
2499,GU,Mid Channel Bar,1,10.9,10.9,NaN,10.9,15.2,15.2,NaN,15.2,0.001,1.394
2499,GU,Pocket Pool,2,4.67,4.67,1.457,9.34,12.2,12.2,1.414,24.4,0.001,2.612
2499,GU,Pool,13,41.347,32.43,36.777,537.51,31.708,30.6,15.28,412.2,0.072,0.767
2499,GU,Riffle,1,189.79,189.79,NaN,189.79,124.8,124.8,NaN,124.8,0.026,0.658
2499,GU,Transition,3,240.371,210.829,171.195,721.113,563.266,671.999,418.044,1689.799,0.097,2.343
2546,GU,Bank,3,475.537,22.41,790.795,1426.61,544,80.4,806.445,1632,0.059,1.144
2546,GU,Glide-Run,2,3239.767,3239.767,1555.618,6479.534,1404.205,1404.205,665.522,2808.41,0.269,0.433
2546,GU,Margin Attached Bar,5,1474.244,767.49,1723.155,7371.218,497,413.6,354.46,2485,0.306,0.337
2546,GU,Pool,6,503.452,309.495,514.056,3020.71,170.433,119.4,154.006,1022.6,0.125,0.339
2546,GU,Riffle,3,457.87,231.99,463.656,1373.61,258.2,151.6,189.507,774.6,0.057,0.564
2546,GU,Transition,3,1468.124,1038.4,1442.818,4404.373,1251.87,1561.2,975.893,3755.609,0.183,0.853
2556,GU,Bank,17,51.838,36.77,47.72,881.242,134.859,80.2,122.376,2292.603,0.077,2.602
2556,GU,Chute,1,24.91,24.91,NaN,24.91,59.6,59.6,NaN,59.6,0.002,2.393
2556,GU,Glide-Run,12,181.128,107.58,165.219,2173.54,233.633,179.3,206.364,2803.6,0.19,1.29
2556,GU,Margin Attached Bar,19,139.221,85.17,146.815,2645.196,110.327,101.2,89.702,2096.219,0.231,0.792
2556,GU,Mid Channel Bar,4,81.47,90.945,49.119,325.88,54.7,53.5,13.097,218.8,0.028,0.671
2556,GU,Pond,1,27.24,27.24,NaN,27.24,29,29,NaN,29,0.002,1.065
2556,GU,Pool,18,84.885,54.305,81.029,1527.932,58.333,47.1,45.982,1050.001,0.133,0.687
2556,GU,Rapid,1,54.35,54.35,NaN,54.35,129.4,129.4,NaN,129.4,0.005,2.381
2556,GU,Riffle,11,74.163,72.35,45.646,815.789,72.891,69.6,32.601,801.798,0.071,0.983
2556,GU,Transition,5,596.322,341.742,626.053,2981.611,807.641,527.4,643.024,4038.205,0.26,1.354
2563,GU,Bank,3,33.457,27.08,21.574,100.37,137.666,129.8,62.77,412.999,0.072,4.115
2563,GU,Glide-Run,2,159.534,159.534,221.868,319.069,241.6,241.6,330.644,483.201,0.227,1.514
2563,GU,Margin Attached Bar,5,84.82,62.89,89.288,424.1,78.44,46.6,64.647,392.2,0.302,0.925
2563,GU,Mid Channel Bar,1,2.44,2.44,NaN,2.44,9.4,9.4,NaN,9.4,0.002,3.852
2563,GU,Pocket Pool,1,1.84,1.84,NaN,1.84,8.8,8.8,NaN,8.8,0.001,4.783
2563,GU,Pool,4,39.053,46.175,25.486,156.21,49.8,53.9,27.218,199.2,0.111,1.275
2563,GU,Riffle,2,45.65,45.65,36.417,91.301,49.892,49.892,33.789,99.785,0.065,1.093
2563,GU,Transition,5,61.502,54.399,33.135,307.51,154.397,168.8,88.226,771.986,0.219,2.51
2668,GU,Bank,17,126.006,21.48,197.666,2142.1,172.247,51.4,236.455,2928.2,0.127,1.367
2668,GU,Glide-Run,1,7708.732,7708.732,NaN,7708.732,2842.823,2842.823,NaN,2842.823,0.457,0.369
2668,GU,Margin Attached Bar,15,186.926,120.81,210.52,2803.89,153.253,101.6,143.629,2298.8,0.166,0.82
2668,GU,Pocket Pool,2,4.445,4.445,1.039,8.89,11.1,11.1,0.99,22.2,0.001,2.497
2668,GU,Pond,1,11.41,11.41,NaN,11.41,15.6,15.6,NaN,15.6,0.001,1.367
2668,GU,Pool,12,185.478,154.215,191.716,2225.74,81.85,73.3,61.377,982.2,0.132,0.441
2668,GU,Riffle,2,143.9,143.9,58.647,287.8,119.6,119.6,72.125,239.2,0.017,0.831
2668,GU,Transition,10,167.824,56.25,240.072,1678.238,329.922,146.7,426.324,3299.223,0.099,1.966
2696,GU,Bank,13,46.186,27.22,36.923,600.416,139.705,120.191,93.862,1816.161,0.124,3.025
2696,GU,Cascade,1,12.67,12.67,NaN,12.67,60.6,60.6,NaN,60.6,0.003,4.783
2696,GU,Glide-Run,4,299.075,227.93,293.974,1196.3,357.6,349.5,279.991,1430.399,0.247,1.196
2696,GU,Margin Attached Bar,14,63.859,47.905,64.212,894.022,80.629,72.9,61.988,1128.801,0.185,1.263
2696,GU,Mid Channel Bar,3,11.037,8.88,8.6,33.11,17.667,18,8.305,53,0.007,1.601
2696,GU,Pocket Pool,4,2.643,2.58,0.679,10.57,10.35,9.4,3.527,41.4,0.002,3.916
2696,GU,Pond,1,7.87,7.87,NaN,7.87,32,32,NaN,32,0.002,4.066
2696,GU,Pool,14,29.931,15.66,34.69,419.04,31.371,21.9,20.752,439.2,0.086,1.048
2696,GU,Riffle,2,151.47,151.47,76.905,302.94,117.9,117.9,24.183,235.8,0.063,0.778
2696,GU,Transition,4,342.088,276.769,264.313,1368.351,513.694,410.088,352.554,2054.776,0.282,1.502
2769,GU,Bank,20,5.264,3.98,5.049,105.28,33.9,28.1,30.71,677.999,0.132,6.44
2769,GU,Glide-Run,3,99.173,131.32,63.453,297.52,257.8,321.2,167.552,773.4,0.373,2.599
2769,GU,Margin Attached Bar,15,8.997,5.24,9.241,134.96,42.853,24.8,39.631,642.799,0.169,4.763
2769,GU,Pocket Pool,8,0.82,0.84,0.149,6.56,4.85,4.8,0.731,38.8,0.008,5.915
2769,GU,Pool,16,4.946,4.23,4.159,79.13,16,13.4,10.322,256,0.099,3.235
2769,GU,Riffle,4,15.588,18.175,11.058,62.35,28.5,29.8,19.153,113.999,0.078,1.828
2769,GU,Transition,10,11.225,10.06,7.349,112.25,60.52,49.5,35.204,605.2,0.141,5.392
2771,GU,Bank,15,5.747,2.33,6.094,86.21,29.8,15.6,24.983,447,0.153,5.185
2771,GU,Glide-Run,4,31.817,36.03,14.976,127.27,104.35,115,53.017,417.4,0.226,3.28
2771,GU,Margin Attached Bar,10,8.652,5.075,10.548,86.52,45.44,24.5,50.33,454.4,0.154,5.252
2771,GU,Mid Channel Bar,1,0.005,0.005,NaN,0.005,0.298,0.298,NaN,0.298,0,59.6
2771,GU,Pocket Pool,1,0.44,0.44,NaN,0.44,3.4,3.4,NaN,3.4,0.001,7.727
2771,GU,Pool,10,8.092,5.7,7.728,80.92,19.86,16.2,14.216,198.6,0.144,2.454
2771,GU,Riffle,2,12.365,12.365,13.244,24.73,28.3,28.3,24.749,56.6,0.044,2.289
2771,GU,Transition,5,31.457,25.27,28.894,157.285,144.12,121.2,114.62,720.598,0.279,4.581
2785,GU,Bank,15,8.189,3.21,8.307,122.83,41.227,22.8,38.015,618.4,0.075,5.034
2785,GU,Chute,2,13.73,13.73,8.796,27.46,70.5,70.5,20.789,141,0.017,5.135
2785,GU,Glide-Run,6,50.201,46.325,37.335,301.206,159.711,174.1,119.796,958.263,0.184,3.181
2785,GU,Margin Attached Bar,14,19.343,9.01,22.193,270.8,43.714,31.3,38.202,612,0.165,2.26
2785,GU,Mid Channel Bar,9,24.489,29.04,15.919,220.4,56.733,58,38.013,510.6,0.134,2.317
2785,GU,Pocket Pool,8,2.22,2.005,0.911,17.76,8.475,7.4,3.796,67.8,0.011,3.818
2785,GU,Pond,5,14.436,11.5,12.145,72.18,27.16,18.2,20.371,135.8,0.044,1.881
2785,GU,Pool,11,13.201,9.54,11.257,145.21,25.927,20.8,13.574,285.2,0.089,1.964
2785,GU,Riffle,6,10.212,6.395,10.047,61.27,19.933,18.8,13.143,119.6,0.037,1.952
2785,GU,Transition,8,50.192,17.387,61.72,401.534,177.508,84.9,200.354,1420.063,0.245,3.537
2790,GU,Bank,19,6.909,4.73,6.165,131.27,39.053,28.4,30.832,742,0.137,5.652
2790,GU,Cascade,1,9.42,9.42,NaN,9.42,49.4,49.4,NaN,49.4,0.01,5.244
2790,GU,Glide-Run,8,31.842,23.59,30.394,254.739,98.097,93.2,72.1,784.772,0.265,3.081
2790,GU,Margin Attached Bar,20,8.383,4.625,10.691,167.67,42.27,29.8,41.406,845.4,0.175,5.042
2790,GU,Mid Channel Bar,1,5.24,5.24,NaN,5.24,13.2,13.2,NaN,13.2,0.005,2.519
2790,GU,Pocket Pool,6,0.747,0.685,0.246,4.48,4.433,4.4,0.983,26.6,0.005,5.934
2790,GU,Pool,25,5.14,2.97,4.195,128.5,14.128,11.6,7.396,353.2,0.134,2.749
2790,GU,Rapid,1,11.2,11.2,NaN,11.2,26,26,NaN,26,0.012,2.321
2790,GU,Riffle,5,5.514,4.73,2.949,27.57,14.28,13.4,3.183,71.4,0.029,2.59
2790,GU,Transition,6,36.66,16.58,51.377,219.961,200.262,110.1,255.661,1201.572,0.229,5.463
294,GU,Bank,8,156.203,123.225,164.198,1249.62,288.2,227.9,286.88,2305.6,0.134,1.845
294,GU,Glide-Run,1,4364.07,4364.07,NaN,4364.07,1972.4,1972.4,NaN,1972.4,0.468,0.452
294,GU,Margin Attached Bar,13,122.203,69.68,124.55,1588.64,128.415,78.2,120.102,1669.4,0.171,1.051
294,GU,Pocket Pool,4,3.527,3.4,0.691,14.11,9.75,9.8,0.915,39,0.002,2.764
294,GU,Pool,10,93.699,29.15,120.151,936.99,67.06,29.8,74.249,670.6,0.101,0.716
294,GU,Riffle,1,44.85,44.85,NaN,44.85,46.4,46.4,NaN,46.4,0.005,1.035
294,GU,Transition,8,139.769,69.81,158.387,1118.15,239.525,214.6,166.416,1916.2,0.12,1.714
3146,GU,Bank,9,32.492,23.08,29.592,292.43,115.978,77,104.641,1043.8,0.098,3.569
3146,GU,Glide-Run,6,209.186,132.645,241.22,1255.119,212.674,164.2,133.284,1276.042,0.42,1.017
3146,GU,Margin Attached Bar,11,50.035,31.5,72.524,550.39,81.545,71,84.357,897,0.184,1.63
3146,GU,Mid Channel Bar,1,2.28,2.28,NaN,2.28,9.2,9.2,NaN,9.2,0.001,4.035
3146,GU,Pocket Pool,2,1.645,1.645,0.502,3.29,6.9,6.9,0.707,13.8,0.001,4.195
3146,GU,Pool,13,18.145,11.84,16.735,235.89,27.785,23,18.002,361.2,0.079,1.531
3146,GU,Riffle,5,43.198,35.25,34.726,215.99,62.4,56.6,41.408,312,0.072,1.445
3146,GU,Transition,13,33.565,25.61,21.722,436.34,87.296,80.8,63.147,1134.842,0.146,2.601
3161,GU,Bank,22,2.362,1.575,2.753,51.97,17.454,13.6,16.137,383.999,0.13,7.39
3161,GU,Cascade,9,8.288,3.98,8.931,74.592,24.587,17.4,15.744,221.282,0.187,2.967
3161,GU,Glide-Run,4,4.307,3.72,1.669,17.227,14.214,13.829,4.009,56.858,0.043,3.3
3161,GU,Margin Attached Bar,30,2.722,1.185,3.473,81.665,13.609,8.6,10.881,408.259,0.205,5
3161,GU,Mid Channel Bar,2,1.03,1.03,0.679,2.06,4.7,4.7,2.121,9.4,0.005,4.563
3161,GU,Pocket Pool,9,0.677,0.47,0.559,6.09,4.044,3.4,1.621,36.4,0.015,5.973
3161,GU,Pool,12,1.94,1.74,1.065,23.28,7.467,7.2,2.246,89.6,0.058,3.849
3161,GU,Rapid,6,11.068,9.38,4.838,66.409,33.069,29.699,14.757,198.417,0.166,2.988
3161,GU,Riffle,5,2.152,2.55,1.461,10.76,8.12,9.4,4.041,40.6,0.027,3.773
3161,GU,Transition,12,5.415,5.194,2.017,64.977,32.325,29.635,16.714,387.898,0.163,5.97
323,GU,Bank,8,35.86,3.255,59.935,286.878,91.325,11.4,144.738,730.598,0.182,2.547
323,GU,Cascade,3,68.118,43.99,71.417,204.354,52.886,54.2,28.851,158.658,0.129,0.776
323,GU,Glide-Run,3,48.203,29.7,47.368,144.61,52.467,32.8,37.403,157.4,0.092,1.088
323,GU,Margin Attached Bar,9,19.65,11.44,16.302,176.85,49.778,37.8,48.121,448,0.112,2.533
323,GU,Mid Channel Bar,1,19.34,19.34,NaN,19.34,24.4,24.4,NaN,24.4,0.012,1.262
323,GU,"NA",1,1.41,1.41,NaN,1.41,8.4,8.4,NaN,8.4,0.001,5.957
323,GU,Pocket Pool,6,1.892,1.92,0.425,11.35,6.767,6.8,1.189,40.6,0.007,3.577
323,GU,Pool,5,3.032,2.79,0.5,15.16,9.24,8.6,2.151,46.2,0.01,3.047
323,GU,Rapid,7,50.83,32.85,32.814,355.81,56.457,48.4,24.38,395.2,0.225,1.111
323,GU,Riffle,3,3.97,3.93,0.511,11.91,11.933,11.8,0.611,35.8,0.008,3.006
323,GU,Transition,5,70.376,35.461,70.098,351.878,185.243,98.15,164.288,926.213,0.223,2.632
3275,GU,Bank,17,120.471,44.88,139.654,2048.001,168.423,75,174.75,2863.188,0.074,1.398
3275,GU,Glide-Run,12,435.078,338.57,348.02,5220.94,347.13,208.783,276.664,4165.564,0.189,0.798
3275,GU,Margin Attached Bar,11,630.844,649.881,607.703,6939.285,277,275.8,240.782,3047,0.251,0.439
3275,GU,Mid Channel Bar,5,89.674,19.38,139.995,448.37,39.76,24,34.304,198.8,0.016,0.443
3275,GU,Pond,5,184.169,94.812,248.619,920.845,64.48,47.2,40.765,322.401,0.033,0.35
3275,GU,Pool,11,325.765,204.3,266.445,3583.42,123.455,71.2,83.671,1358,0.129,0.379
3275,GU,Riffle,12,135.822,128.005,111.397,1629.87,95.4,96.8,44.175,1144.799,0.059,0.702
3275,GU,Transition,4,1722.729,216.356,3120.548,6890.914,1493.288,261.699,2594.828,5973.151,0.249,0.867
3413,GU,Bank,11,10.227,8.19,7.341,112.5,48.564,39.8,36.081,534.2,0.147,4.749
3413,GU,Glide-Run,2,117.332,117.332,17.76,234.664,251.576,251.576,33.127,503.151,0.307,2.144
3413,GU,Margin Attached Bar,14,8.183,2.89,12.481,114.56,24.829,13.2,29.041,347.6,0.15,3.034
3413,GU,Pocket Pool,5,1.142,0.98,0.361,5.71,6.28,6,1.238,31.4,0.007,5.499
3413,GU,Pool,8,7.445,3.85,9.973,59.56,17.625,13,13.116,141,0.078,2.367
3413,GU,Riffle,1,67.03,67.03,NaN,67.03,82.8,82.8,NaN,82.8,0.088,1.235
3413,GU,Transition,7,24.177,29.74,16.264,169.236,90.536,90.8,59.003,633.751,0.222,3.745
3415,GU,Bank,9,43.738,24.46,48.708,393.64,91.889,69.8,81.286,827,0.188,2.101
3415,GU,Glide-Run,1,651.55,651.55,NaN,651.55,802,802,NaN,802,0.311,1.231
3415,GU,Margin Attached Bar,14,18.824,11.045,18.298,263.53,44.514,39.1,31.407,623.2,0.126,2.365
3415,GU,Mid Channel Bar,4,1.737,1.44,1.811,6.946,6.4,6.938,4.754,25.6,0.003,3.685
3415,GU,Pocket Pool,7,1.884,1.74,0.464,13.19,7.429,7.2,1.499,52,0.006,3.943
3415,GU,Pool,13,11.655,6.93,9.617,151.52,17.954,14.6,7.82,233.4,0.072,1.54
3415,GU,Riffle,1,4.1,4.1,NaN,4.1,11.2,11.2,NaN,11.2,0.002,2.732
3415,GU,Transition,2,303.862,303.862,20.348,607.724,499.1,499.1,23.335,998.2,0.29,1.643
3432,GU,Bank,18,6.324,4.675,5.638,113.84,31.211,23.1,25.727,561.796,0.111,4.935
3432,GU,Cascade,13,23.017,15.27,16.101,299.217,43.703,33,26.135,568.138,0.291,1.899
3432,GU,Margin Attached Bar,24,6.607,4.485,6.641,158.58,23.183,19.7,15.906,556.4,0.154,3.509
3432,GU,Mid Channel Bar,6,10.823,9.675,6.981,64.94,22.4,17.9,14.864,134.4,0.063,2.07
3432,GU,Pocket Pool,9,0.946,0.99,0.147,8.51,4.667,4.8,0.557,42,0.008,4.933
3432,GU,Pool,10,2.657,2.58,0.885,26.57,8.18,8,1.645,81.8,0.026,3.079
3432,GU,Rapid,6,17.845,9.44,15.097,107.07,29.633,19.4,18.528,177.799,0.104,1.661
3432,GU,Riffle,4,4.48,4.445,3.376,17.92,12.35,13.5,6.17,49.4,0.017,2.757
3432,GU,Transition,7,33.235,22.39,31.597,232.643,131.676,102,103.797,921.733,0.226,3.962
3464,GU,Bank,8,37.688,36.735,24.297,301.5,98.15,90.4,57.658,785.201,0.107,2.604
3464,GU,Glide-Run,3,284.5,340.88,199.575,853.5,338.6,385.6,189.522,1015.8,0.303,1.19
3464,GU,Margin Attached Bar,11,48.496,21.3,46.887,533.46,59.982,57,41.054,659.8,0.189,1.237
3464,GU,Mid Channel Bar,3,3.097,1.85,2.55,9.29,9.467,6.6,5.853,28.4,0.003,3.057
3464,GU,Pocket Pool,6,1.905,1.605,0.706,11.43,6.967,6.1,1.982,41.8,0.004,3.657
3464,GU,Pond,2,26.535,26.535,29.946,53.07,29,29,23.759,58,0.019,1.093
3464,GU,Pool,5,44.076,51.11,22.844,220.38,50.88,57.8,22.91,254.4,0.078,1.154
3464,GU,Transition,3,278.147,85.85,339.157,834.44,457.667,196.599,558.418,1373,0.296,1.645
3466,GU,Bank,10,197.307,80.835,340.193,1973.066,250.657,106.997,384.619,2506.569,0.067,1.27
3466,GU,Glide-Run,6,955.937,544.6,987.949,5735.623,576.908,365.1,565.696,3461.449,0.196,0.604
3466,GU,Margin Attached Bar,5,1396.162,716.8,2213.786,6980.808,424.52,196.201,564.136,2122.6,0.238,0.304
3466,GU,Mid Channel Bar,4,179.77,183.42,163.115,719.08,83.05,88,63.165,332.2,0.025,0.462
3466,GU,Pocket Pool,2,8.475,8.475,0.969,16.95,14.2,14.2,1.414,28.4,0.001,1.676
3466,GU,Pool,12,385.102,234.485,555.773,4621.22,114.133,88.9,113.003,1369.6,0.158,0.296
3466,GU,Riffle,5,207.356,174.6,148.571,1036.78,136.04,134.2,73.164,680.2,0.035,0.656
3466,GU,Transition,4,2061.326,124.159,3896.438,8245.303,1103.559,208.824,1878.611,4414.236,0.281,0.535
3501,GU,Bank,25,27.796,13.5,42.523,694.91,88.312,37.6,115.759,2207.8,0.095,3.177
3501,GU,Chute,4,64.076,46.65,50.044,256.306,167.256,148.4,121.172,669.024,0.035,2.61
3501,GU,Glide-Run,2,1430.401,1430.401,56.42,2860.802,1175.542,1175.542,194.576,2351.084,0.392,0.822
3501,GU,Margin Attached Bar,16,81.708,86.49,53.097,1307.321,133.424,131.099,79.41,2134.78,0.179,1.633
3501,GU,Mid Channel Bar,5,40.742,11.99,74.834,203.71,35.68,18.2,42.323,178.4,0.028,0.876
3501,GU,Pocket Pool,6,2.193,2.245,0.639,13.16,8.3,7.4,2.237,49.8,0.002,3.785
3501,GU,Pool,18,49.79,35.36,55.422,896.22,47.733,41.8,32.527,859.2,0.123,0.959
3501,GU,Riffle,4,88.54,16.095,154.328,354.16,54.1,23.2,73.286,216.4,0.048,0.611
3501,GU,Transition,22,32.696,23.405,35.363,719.313,107.663,80.3,106.236,2368.593,0.098,3.293
3512,GU,Bank,9,16.669,7.82,21.262,150.02,59.889,31.2,66.943,539,0.041,3.593
3512,GU,Chute,7,23.594,12.63,28.327,165.16,66.371,44.4,50.299,464.6,0.045,2.813
3512,GU,Glide-Run,8,131.754,78.78,130.301,1054.03,186.475,129.7,155.336,1491.8,0.288,1.415
3512,GU,Margin Attached Bar,6,24.96,9.54,41.6,149.76,58.067,26,85.486,348.4,0.041,2.326
3512,GU,Mid Channel Bar,11,64.789,23.85,145.481,712.68,135.873,27,324.299,1494.6,0.195,2.097
3512,GU,Pocket Pool,11,1.716,1.61,0.504,18.88,6.636,6.2,1.687,73,0.005,3.867
3512,GU,Pool,23,20.001,10.28,25.352,460.02,26.53,19.8,22.601,610.2,0.126,1.326
3512,GU,Rapid,1,4.56,4.56,NaN,4.56,12,12,NaN,12,0.001,2.632
3512,GU,Riffle,7,30.599,16.82,33.256,214.19,46.171,24.4,37.905,323.2,0.059,1.509
3512,GU,Transition,11,66.243,56.36,63.416,728.67,191.6,152.8,188.897,2107.6,0.199,2.892
3528,GU,Bank,9,35.046,26.07,29.559,315.41,96.222,69.2,76.691,866,0.132,2.746
3528,GU,Glide-Run,2,280.54,280.54,240.487,561.08,400,400,401.354,800,0.235,1.426
3528,GU,Margin Attached Bar,7,62.414,30.38,95.456,436.9,110.8,65,115.53,775.6,0.183,1.775
3528,GU,Mid Channel Bar,1,1.74,1.74,NaN,1.74,6,6,NaN,6,0.001,3.448
3528,GU,Pocket Pool,2,2.005,2.005,0.785,4.01,7.1,7.1,0.99,14.2,0.002,3.541
3528,GU,Pool,7,39.611,18.52,56.231,277.28,41.286,27.6,42.141,289,0.116,1.042
3528,GU,Riffle,1,123.88,123.88,NaN,123.88,123.6,123.6,NaN,123.6,0.052,0.998
3528,GU,Transition,5,133.618,59.18,157.511,668.09,224.8,77,225.251,1124,0.28,1.682
3615,GU,Bank,24,7.698,4.345,9.11,184.76,46.408,28.999,52.496,1113.787,0.189,6.029
3615,GU,Glide-Run,6,69.835,36.18,60.522,419.012,143.21,96.3,98.207,859.261,0.429,2.051
3615,GU,Margin Attached Bar,24,4.225,2.85,4.427,101.41,23.95,16.3,21.059,574.8,0.104,5.669
3615,GU,Pocket Pool,12,0.621,0.64,0.142,7.45,4.433,4.5,0.839,53.2,0.008,7.138
3615,GU,Pool,25,3.11,1.78,2.87,77.75,10.816,8.6,5.986,270.399,0.08,3.478
3615,GU,Rapid,1,5.28,5.28,NaN,5.28,21.2,21.2,NaN,21.2,0.005,4.015
3615,GU,Riffle,6,9.863,11.07,3.155,59.18,21.667,23,6.866,130,0.061,2.197
3615,GU,Transition,14,8.679,7.845,4.342,121.508,53.362,53.8,23.804,747.063,0.124,6.148
3620,GU,Bank,30,5.631,4.865,5.379,168.94,28.227,22.9,25.506,846.8,0.073,5.013
3620,GU,Glide-Run,15,35.873,20.363,47.57,538.097,105.563,54.6,129.678,1583.45,0.233,2.943
3620,GU,Margin Attached Bar,43,12.107,4.02,16.727,520.593,34.627,21.8,39.405,1488.98,0.225,2.86
3620,GU,Mid Channel Bar,25,8.387,2,15.179,209.674,25.053,8.6,48.068,626.313,0.091,2.987
3620,GU,Pocket Pool,12,0.925,0.885,0.262,11.1,5.533,5.4,1.257,66.4,0.005,5.982
3620,GU,Pool,28,8.942,7.145,7.075,250.38,20.043,17.2,12.089,561.199,0.108,2.241
3620,GU,Rapid,1,4.11,4.11,NaN,4.11,12.8,12.8,NaN,12.8,0.002,3.114
3620,GU,Riffle,10,11.513,7.17,13.398,115.127,22.471,17.2,18.498,224.709,0.05,1.952
3620,GU,Transition,21,23.374,8.16,64.527,490.848,86.156,43.8,165,1809.27,0.213,3.686
3637,GU,Bank,26,5.206,3.4,5.075,135.349,32.06,22.701,29.511,833.57,0.127,6.158
3637,GU,Glide-Run,7,61.785,52.9,53.236,432.494,135.479,98.8,74.454,948.351,0.407,2.193
3637,GU,Margin Attached Bar,22,8.916,5.63,8.412,196.162,45.964,30.5,39.702,1011.198,0.185,5.155
3637,GU,Pocket Pool,9,0.569,0.59,0.119,5.12,4,3.8,1.204,36,0.005,7.03
3637,GU,Pool,20,2.902,1.9,2.366,58.04,11.06,9.1,6.057,221.2,0.055,3.811
3637,GU,Rapid,2,6.79,6.79,4.115,13.58,18,18,10.465,36,0.013,2.651
3637,GU,Riffle,4,2.898,2.335,1.93,11.59,10.85,9.9,3.646,43.4,0.011,3.744
3637,GU,Transition,11,19.156,9.1,22.258,210.717,107.1,65.8,96.222,1178.102,0.198,5.591
3701,GU,Bank,18,37.24,28.775,32.053,670.317,133.865,94,114.307,2409.567,0.075,3.595
3701,GU,Chute,2,50.735,50.735,15.083,101.47,101.9,101.9,0.707,203.8,0.011,2.008
3701,GU,Glide-Run,11,266.196,70.33,467.253,2928.152,201.818,131.6,243.044,2219.997,0.33,0.758
3701,GU,Margin Attached Bar,18,54.912,38.487,64.16,988.411,79.367,71.5,52.112,1428.6,0.111,1.445
3701,GU,Mid Channel Bar,9,109.574,21.58,176.238,986.17,124.778,24.6,174.758,1123,0.111,1.139
3701,GU,"NA",2,2.655,2.655,1.803,5.31,12,12,7.354,24,0.001,4.52
3701,GU,Pocket Pool,8,2.458,2.49,0.628,19.66,7.675,7.8,0.709,61.4,0.002,3.122
3701,GU,Pond,2,13.465,13.465,2.524,26.93,23.3,23.3,5.798,46.6,0.003,1.73
3701,GU,Pool,23,43.952,19.91,44.318,1010.9,39.626,31.4,25.414,911.401,0.114,0.902
3701,GU,Riffle,6,153.117,164.89,107.266,918.7,87.6,93.1,46.373,525.6,0.103,0.572
3701,GU,Transition,14,87.57,47.51,110.701,1225.98,188.928,142.2,186.058,2644.992,0.138,2.157
372,GU,Bank,19,6.339,5.68,4.003,120.45,29.663,23.2,19.92,563.596,0.097,4.679
372,GU,Glide-Run,7,48.218,43.62,37.547,337.524,101.44,61.6,68.917,710.083,0.272,2.104
372,GU,Margin Attached Bar,19,19.741,8.69,28.563,375.077,45.468,34.2,40.11,863.9,0.302,2.303
372,GU,Mid Channel Bar,2,7.705,7.705,9.298,15.41,12.5,12.5,10.324,25,0.012,1.622
372,GU,Pocket Pool,6,0.935,1.015,0.231,5.61,5.2,4.8,1.259,31.2,0.005,5.561
372,GU,Pond,1,4.71,4.71,NaN,4.71,11.4,11.4,NaN,11.4,0.004,2.42
372,GU,Pool,12,5.742,3.775,4.435,68.9,14.95,12.7,6.406,179.4,0.056,2.604
372,GU,Rapid,1,8.43,8.43,NaN,8.43,19.2,19.2,NaN,19.2,0.007,2.278
372,GU,Riffle,6,16.643,15.185,12.721,99.859,32.768,32.2,17.129,196.61,0.08,1.969
372,GU,Transition,13,15.752,9.89,11.351,204.78,66.261,52.6,34.906,861.393,0.165,4.207
3949,GU,Bank,7,36.129,22.26,35.041,252.9,132.743,70.2,135.47,929.199,0.111,3.674
3949,GU,Glide-Run,6,153.429,50.94,260.03,920.575,156.285,56.4,233.738,937.71,0.404,1.019
3949,GU,Margin Attached Bar,11,29.242,16.52,29.865,321.66,51.127,39.2,44.387,562.4,0.141,1.748
3949,GU,Mid Channel Bar,10,18.534,12.47,13.379,185.34,24.52,21.9,9.118,245.2,0.081,1.323
3949,GU,Pocket Pool,7,1.976,2.08,0.529,13.83,7.371,7.6,1.151,51.6,0.006,3.73
3949,GU,Pool,9,10.424,5.31,8.768,93.82,17.622,14.8,8.444,158.6,0.041,1.691
3949,GU,Rapid,1,35.39,35.39,NaN,35.39,59.6,59.6,NaN,59.6,0.016,1.684
3949,GU,Riffle,4,21.295,20.48,20.058,85.18,37.85,32.8,32.832,151.4,0.037,1.777
3949,GU,Transition,11,33.882,20.55,29.48,372.706,115.865,99,70.09,1274.51,0.163,3.42
3975,GU,Bank,18,14.377,8.36,15.751,258.78,59.956,42,52.094,1079.2,0.183,4.17
3975,GU,Glide-Run,7,39.76,41.47,26.857,278.32,167.943,137,119.506,1175.6,0.197,4.224
3975,GU,Margin Attached Bar,15,16.149,10.64,16.604,242.236,71.855,45.2,76.753,1077.819,0.171,4.45
3975,GU,Mid Channel Bar,2,1.45,1.45,0.948,2.9,20,20,11.879,40,0.002,13.793
3975,GU,Pocket Pool,2,1.125,1.125,0.516,2.25,6.9,6.9,4.101,13.8,0.002,6.133
3975,GU,Pond,4,6.69,7.505,2.713,26.76,21.1,21.1,5.222,84.4,0.019,3.154
3975,GU,Pool,11,20.315,18.47,13.851,223.47,37.145,33.6,21.275,408.6,0.158,1.828
3975,GU,Riffle,7,5.306,3.48,3.887,37.14,13.743,10.6,7.033,96.2,0.026,2.59
3975,GU,Transition,4,85.826,72.912,96.346,343.305,320.555,292.109,348.35,1282.219,0.243,3.735
3979,GU,Bank,26,59.221,22.92,82.881,1539.75,133.251,67.2,169.014,3464.522,0.066,2.25
3979,GU,Chute,11,112.757,54.01,132.314,1240.33,151.854,104,120.785,1670.396,0.053,1.347
3979,GU,Glide-Run,9,717.735,269.93,999.468,6459.619,417.194,359.4,352.922,3754.744,0.275,0.581
3979,GU,Margin Attached Bar,23,206.117,118.311,227.46,4740.68,160.974,75.8,139.03,3702.401,0.202,0.781
3979,GU,Mid Channel Bar,10,123.918,111.505,125.115,1239.175,83.838,86.7,72.336,838.38,0.053,0.677
3979,GU,Pocket Pool,8,3.57,3.37,0.928,28.56,10.925,10.2,2.26,87.4,0.001,3.06
3979,GU,Pool,38,60.237,34.35,69.955,2289.01,45.479,30.8,35.661,1728.201,0.097,0.755
3979,GU,Riffle,9,128.11,71.97,143.945,1152.991,98.089,79.8,58.028,882.797,0.049,0.766
3979,GU,Transition,15,320.089,124.01,478.623,4801.332,521.012,216,760.11,7815.183,0.204,1.628
3983,GU,Bank,14,36.979,27.18,43.045,517.7,84.271,62,101.63,1179.8,0.134,2.279
3983,GU,Glide-Run,3,668.636,873.1,498.97,2005.908,399.137,516.611,281.432,1197.411,0.517,0.597
3983,GU,Margin Attached Bar,15,39.783,28.54,34.306,596.74,70.533,71,42.001,1058,0.154,1.773
3983,GU,Mid Channel Bar,1,63.16,63.16,NaN,63.16,69.2,69.2,NaN,69.2,0.016,1.096
3983,GU,Pocket Pool,6,2.533,2.42,0.379,15.2,8.2,7.7,1.351,49.2,0.004,3.237
3983,GU,Pool,19,10.972,6.7,9.722,208.47,16.484,15,6.591,313.2,0.054,1.502
3983,GU,Rapid,2,31.11,31.11,29.486,62.22,45.7,45.7,29.557,91.4,0.016,1.469
3983,GU,Riffle,1,90.83,90.83,NaN,90.83,79.6,79.6,NaN,79.6,0.023,0.876
3983,GU,Transition,11,28.786,25.2,11.629,316.651,109.837,102,45.402,1208.211,0.082,3.816
3991,GU,Bank,11,11.062,7.73,8.7,121.68,39.691,24.199,26.96,436.599,0.135,3.588
3991,GU,Glide-Run,3,37.207,32.84,11.528,111.62,52.267,41.6,27.404,156.8,0.124,1.405
3991,GU,Margin Attached Bar,12,14.758,9.07,12.81,177.09,40.8,33.2,29.726,489.6,0.196,2.765
3991,GU,Mid Channel Bar,2,2.99,2.99,2.871,5.98,7.6,7.6,3.96,15.2,0.007,2.542
3991,GU,Pocket Pool,5,1.064,1.08,0.111,5.32,5.56,5.4,0.754,27.8,0.006,5.226
3991,GU,Pool,6,5.573,4.19,3.915,33.44,13,11.5,5.479,78,0.037,2.333
3991,GU,Rapid,5,37.588,42.58,28.655,187.94,70.24,75.2,53.601,351.2,0.208,1.869
3991,GU,Riffle,2,3.61,3.61,3.267,7.22,12.3,12.3,8.627,24.6,0.008,3.407
3991,GU,Transition,2,126.17,126.17,2.744,252.34,341.2,341.2,6.223,682.4,0.28,2.704
4000,GU,Bank,10,175.481,71.875,208.14,1754.811,226.179,125.3,223.599,2261.785,0.114,1.289
4000,GU,Glide-Run,7,596.681,277.35,759.923,4176.769,357.086,131.6,392.651,2499.6,0.272,0.598
4000,GU,Margin Attached Bar,5,572.552,142.09,707.293,2862.759,278.2,116.6,334.844,1391,0.187,0.486
4000,GU,Mid Channel Bar,1,7.18,7.18,NaN,7.18,24.8,24.8,NaN,24.8,0,3.454
4000,GU,Pocket Pool,5,5.472,4.82,1.275,27.36,12.64,11.8,2.389,63.2,0.002,2.31
4000,GU,Pond,2,59.665,59.665,34.316,119.33,62.2,62.2,30.264,124.4,0.008,1.042
4000,GU,Pool,11,102.761,27.2,234.974,1130.37,54.982,36.4,64.571,604.8,0.074,0.535
4000,GU,Riffle,3,315.83,303.53,250.656,947.49,185.2,157.6,136.706,555.6,0.062,0.586
4000,GU,Transition,4,1079.029,478.323,1558.113,4316.116,921.8,587,1100.234,3687.2,0.281,0.854
4024,GU,Bank,7,270.866,112.7,289.3,1896.064,305.106,109.602,313.747,2135.744,0.095,1.126
4024,GU,Glide-Run,5,713.296,553.621,493.022,3566.48,592.16,365.2,548.143,2960.8,0.179,0.83
4024,GU,Margin Attached Bar,8,569.515,449.86,586.553,4556.118,255,304.2,182.533,2040,0.229,0.448
4024,GU,Pocket Pool,1,4.96,4.96,NaN,4.96,10.4,10.4,NaN,10.4,0,2.097
4024,GU,Pool,11,275.219,109.17,337.013,3027.41,100.073,53.4,100.736,1100.8,0.152,0.364
4024,GU,Riffle,7,230.286,104.94,267.153,1612,109.486,73.2,83.551,766.4,0.081,0.475
4024,GU,Transition,4,1314.21,1083.751,1511.45,5256.842,865.2,795.599,965.49,3460.798,0.264,0.658
4086,GU,Bank,7,196.663,74.419,279.298,1376.64,310.084,212,393.139,2170.588,0.057,1.577
4086,GU,Chute,5,47.654,25.24,46.882,238.27,107.56,96.2,24.286,537.8,0.01,2.257
4086,GU,Glide-Run,11,335.009,175.88,264.887,3685.097,318.909,247.2,204.147,3508.001,0.153,0.952
4086,GU,Margin Attached Bar,6,428.065,318.109,442.498,2568.391,292.933,260,265.835,1757.595,0.107,0.684
4086,GU,Mid Channel Bar,7,536.538,58.99,895.731,3755.767,231.886,40.6,356.474,1623.2,0.156,0.432
4086,GU,Pocket Pool,2,5.17,5.17,0.368,10.34,12.5,12.5,0.141,25,0,2.418
4086,GU,Pool,16,215.679,138.49,267.329,3450.872,95.3,82,86.876,1524.8,0.144,0.442
4086,GU,Riffle,7,319.986,202.08,333.797,2239.9,135.228,109.4,74.47,946.596,0.093,0.423
4086,GU,Transition,8,835.239,126.745,1684.004,6681.91,574.447,265.792,912.781,4595.578,0.278,0.688
4147,GU,Bank,16,33.427,18.485,38.958,534.83,100.387,58.2,103.24,1606.199,0.07,3.003
4147,GU,Chute,31,12.1,0.002,32.355,375.115,21.738,0.262,51.525,673.88,0.049,1.797
4147,GU,Glide-Run,6,344.935,324.255,234.916,2069.607,437.648,367,309.509,2625.888,0.272,1.269
4147,GU,Margin Attached Bar,22,45.992,24.715,46.875,1011.825,72.28,47.5,58.425,1590.159,0.133,1.572
4147,GU,Mid Channel Bar,14,71.735,28.865,131.748,1004.296,79.28,45.199,121.419,1109.915,0.132,1.105
4147,GU,Pocket Pool,2,1.86,1.86,0.806,3.72,7.4,7.4,0.849,14.8,0,3.978
4147,GU,Pool,27,29.184,14.19,34.376,787.97,35.407,23.4,27.517,956,0.103,1.213
4147,GU,Riffle,4,107.037,104.575,97.939,428.15,76.95,76.2,54.25,307.8,0.056,0.719
4147,GU,Transition,21,66.729,23.45,101.406,1401.306,175.715,65.6,259.75,3690.02,0.184,2.633
4179,GU,Bank,12,40.465,22.575,42.218,485.58,132.1,89.7,111.272,1585.199,0.085,3.265
4179,GU,Chute,1,17.59,17.59,NaN,17.59,35.4,35.4,NaN,35.4,0.003,2.013
4179,GU,Glide-Run,3,894.008,62.19,1461.733,2682.024,699.461,121.6,1026.975,2098.384,0.469,0.782
4179,GU,Margin Attached Bar,22,61.56,30.455,63.748,1354.32,80.473,64.7,63.772,1770.4,0.237,1.307
4179,GU,Mid Channel Bar,3,9.907,9.72,4.023,29.72,16.533,15,2.656,49.6,0.005,1.669
4179,GU,Pocket Pool,8,2.469,2.525,0.583,19.75,8.55,8.4,2.18,68.4,0.003,3.463
4179,GU,Pond,1,13.26,13.26,NaN,13.26,32.2,32.2,NaN,32.2,0.002,2.428
4179,GU,Pool,24,12.331,8.12,11.22,295.94,19.817,16.7,9.743,475.6,0.052,1.607
4179,GU,Rapid,2,43.625,43.625,34.005,87.25,33.3,33.3,16.829,66.6,0.015,0.763
4179,GU,Riffle,1,65.38,65.38,NaN,65.38,45,45,NaN,45,0.011,0.688
4179,GU,Transition,13,51.656,21.98,61.245,671.526,140.231,86.6,166.029,1822.999,0.117,2.715
4182,GU,Bank,9,66.212,17.81,75.947,595.91,125.756,46.8,136.422,1131.8,0.142,1.899
4182,GU,Glide-Run,1,2376.149,2376.149,NaN,2376.149,1172.383,1172.383,NaN,1172.383,0.565,0.493
4182,GU,Margin Attached Bar,7,81.9,17.19,107.041,573.3,134.086,50,144.217,938.6,0.136,1.637
4182,GU,Pocket Pool,4,2.388,2.31,0.581,9.55,7.4,7.3,1.095,29.6,0.002,3.099
4182,GU,Pool,15,19.172,7.56,26.428,287.58,22.8,14,18.543,342,0.068,1.189
4182,GU,Riffle,1,12.37,12.37,NaN,12.37,19.4,19.4,NaN,19.4,0.003,1.568
4182,GU,Transition,4,87.245,49.72,95.043,348.98,352.796,246.9,292.681,1411.183,0.083,4.044
547,GU,Bank,21,2.117,1.09,2.278,44.46,22,11.8,22.642,462,0.11,10.392
547,GU,Glide-Run,6,29.322,26.19,25.753,175.93,83.412,81.199,58.642,500.474,0.434,2.845
547,GU,Margin Attached Bar,16,4.927,2.845,4.221,78.83,23.038,20,17.439,368.6,0.194,4.676
547,GU,Mid Channel Bar,4,1.097,0.92,0.72,4.39,5.9,5.6,2.928,23.6,0.011,5.378
547,GU,Pocket Pool,6,0.465,0.46,0.145,2.79,3.7,3.4,0.97,22.2,0.007,7.957
547,GU,Pool,19,2.609,2.28,1.738,49.57,11.032,8.8,5.81,209.6,0.122,4.228
547,GU,Rapid,1,7.35,7.35,NaN,7.35,26.6,26.6,NaN,26.6,0.018,3.619
547,GU,Riffle,3,1.927,2.12,0.379,5.78,7.4,7.2,0.346,22.2,0.014,3.84
547,GU,Transition,11,3.292,2.89,2.52,36.209,20.205,17.8,13.749,222.253,0.089,6.138
548,GU,Bank,23,3.12,2.09,2.847,71.75,20.791,13.6,16.541,478.2,0.108,6.664
548,GU,Cascade,1,6.66,6.66,NaN,6.66,33.2,33.2,NaN,33.2,0.01,4.985
548,GU,Chute,2,7.43,7.43,8.811,14.86,31.199,31.199,24.889,62.399,0.022,4.199
548,GU,Glide-Run,7,25.407,17.63,27.466,177.846,67.653,38.2,87.518,473.57,0.268,2.663
548,GU,Margin Attached Bar,22,6.059,5.86,3.497,133.3,25.509,28,10.934,561.2,0.201,4.21
548,GU,Mid Channel Bar,1,16.13,16.13,NaN,16.13,32.8,32.8,NaN,32.8,0.024,2.033
548,GU,Pocket Pool,3,0.69,0.58,0.226,2.07,4.867,4.6,0.643,14.6,0.003,7.054
548,GU,Pool,14,5.118,4.1,2.491,71.65,14.414,13.6,4.508,201.8,0.108,2.816
548,GU,Rapid,3,7.773,6.3,3.371,23.32,30,28.8,6.286,90,0.035,3.86
548,GU,Riffle,6,7.06,6.71,6.191,42.36,16.4,16.8,9.128,98.4,0.064,2.323
548,GU,Transition,10,10.474,6.56,8.516,104.744,50.338,30.9,41.401,503.382,0.158,4.806
664,GU,Bank,16,4.522,4.055,2.356,72.35,29.487,22.7,16.641,471.8,0.134,6.521
664,GU,Glide-Run,10,11.751,7.44,9.069,117.505,36.514,34.4,16.504,365.137,0.218,3.107
664,GU,Margin Attached Bar,19,5.623,4.48,4.437,106.839,25.537,22,14.932,485.206,0.198,4.542
664,GU,Mid Channel Bar,4,1.904,1.07,2.478,7.614,7.505,5,8.433,30.019,0.014,3.942
664,GU,Pocket Pool,3,0.46,0.42,0.096,1.38,3.6,3.8,0.721,10.8,0.003,7.826
664,GU,Pool,16,2.779,1.63,2.812,44.47,9.95,7.1,7.32,159.2,0.082,3.58
664,GU,Rapid,8,9.287,6.475,6.425,74.295,23.268,22.8,10.423,186.141,0.138,2.505
664,GU,Riffle,4,4.185,4.34,3.076,16.74,11.75,11.8,6.319,47,0.031,2.808
664,GU,Transition,10,9.893,6.16,8.189,98.927,45.506,32.599,32.437,455.065,0.183,4.6
665,GU,Bank,10,14.353,8.965,16.905,143.53,68.92,53.6,69.224,689.2,0.148,4.802
665,GU,Glide-Run,3,112.481,99.52,88.645,337.443,252.709,251.8,204.565,758.127,0.347,2.247
665,GU,Margin Attached Bar,13,10.234,5.42,9.68,133.04,43.092,31.4,37.154,560.2,0.137,4.211
665,GU,Pocket Pool,5,0.928,0.89,0.309,4.64,4.6,4.6,0.787,23,0.005,4.957
665,GU,Pool,13,9.393,5.12,14.797,122.11,20.446,13.4,23.14,265.8,0.126,2.177
665,GU,Riffle,2,10.42,10.42,4.865,20.84,18.5,18.5,5.798,37,0.021,1.775
665,GU,Transition,8,26.275,30.845,19.425,210.197,97.533,102.1,61.147,780.26,0.216,3.712
681,GU,Bank,14,20.553,10.025,24.595,287.739,87.285,50.9,102.841,1221.99,0.108,4.247
681,GU,Glide-Run,6,101.007,81.165,109.603,606.039,155.388,144.3,122.817,932.328,0.227,1.538
681,GU,Margin Attached Bar,24,19.235,9.23,25.965,461.632,36.167,22.9,29.501,868.001,0.173,1.88
681,GU,Mid Channel Bar,5,12.446,14.02,13.022,62.232,15.188,18.8,12.258,75.94,0.023,1.22
681,GU,Pocket Pool,2,2.18,2.18,0.127,4.36,7.1,7.1,0.424,14.2,0.002,3.257
681,GU,Pool,15,29.538,14.33,33.892,443.07,32.053,21.2,26.38,480.8,0.166,1.085
681,GU,Rapid,3,35.47,34.5,33.076,106.41,79.667,62.8,81.618,239,0.04,2.246
681,GU,Riffle,6,24.433,16.97,21.678,146.6,30.267,29.7,11.766,181.6,0.055,1.239
681,GU,Transition,9,61.605,12.65,124.135,554.449,137.444,47.2,211.667,1236.996,0.207,2.231
685,GU,Bank,6,172.162,173.845,119.891,1032.97,314.066,309.397,202.949,1884.393,0.132,1.824
685,GU,Chute,1,18.76,18.76,NaN,18.76,46.999,46.999,NaN,46.999,0.002,2.505
685,GU,Glide-Run,6,304.223,177.29,368.396,1825.34,245.7,198.6,274.925,1474.2,0.234,0.808
685,GU,Margin Attached Bar,7,156.663,48.32,169.007,1096.64,153.771,96.8,112.953,1076.4,0.14,0.982
685,GU,Mid Channel Bar,2,27.075,27.075,32.873,54.15,22.6,22.6,18.95,45.2,0.007,0.835
685,GU,Pocket Pool,3,3.55,4.05,0.927,10.65,8.8,9,1.311,26.4,0.001,2.479
685,GU,Pond,2,13.42,13.42,6.647,26.84,18,18,5.091,36,0.003,1.341
685,GU,Pool,9,89.219,60.88,99.368,802.97,60.822,61.6,43.329,547.4,0.103,0.682
685,GU,Riffle,3,270.43,353.46,212.209,811.29,175.8,217,127.494,527.4,0.104,0.65
685,GU,Transition,6,355.161,286.765,317.625,2130.969,365.899,333.8,264.791,2195.396,0.273,1.03
686,GU,Bank,5,34.422,31.21,18.407,172.11,163.08,149.8,89.175,815.4,0.131,4.738
686,GU,Glide-Run,7,53.327,19.8,78.293,373.29,99.686,40.8,109.162,697.8,0.283,1.869
686,GU,Margin Attached Bar,8,14.277,9.33,13.576,114.22,40.9,35.3,29.553,327.2,0.087,2.865
686,GU,Mid Channel Bar,3,35.323,2.01,58.473,105.97,73.267,6.8,116.512,219.8,0.08,2.074
686,GU,Pocket Pool,1,1.09,1.09,NaN,1.09,6.2,6.2,NaN,6.2,0.001,5.688
686,GU,Pond,1,2.66,2.66,NaN,2.66,9.4,9.4,NaN,9.4,0.002,3.534
686,GU,Pool,9,25.713,22.53,22.684,231.42,33.489,44.8,22.753,301.4,0.176,1.302
686,GU,Riffle,2,58.7,58.7,37.335,117.4,87.2,87.2,54.023,174.4,0.089,1.486
686,GU,Transition,9,22.247,13.87,27.943,200.22,75.511,48.6,87.075,679.6,0.152,3.394
699,GU,Bank,13,8.353,6.61,7.493,108.59,40.215,35.2,32.387,522.799,0.164,4.814
699,GU,Cascade,7,10.254,9,4.668,71.78,28.743,29.4,11.614,201.2,0.108,2.803
699,GU,Glide-Run,2,7.11,7.11,7.566,14.22,12.1,12.1,6.647,24.2,0.021,1.702
699,GU,Margin Attached Bar,14,6.104,4.995,5.128,85.45,29.8,20.9,23.232,417.199,0.129,4.882
699,GU,Mid Channel Bar,3,2.477,2.72,0.439,7.43,8.933,8.2,1.447,26.8,0.011,3.606
699,GU,Pocket Pool,5,0.828,0.76,0.258,4.14,4.48,4.4,0.522,22.4,0.006,5.411
699,GU,Pool,9,3.963,3.36,2.384,35.67,9.978,9.6,3.395,89.8,0.054,2.518
699,GU,Rapid,5,35.28,34.6,31.972,176.401,61.16,53,53.11,305.799,0.267,1.734
699,GU,Riffle,2,4.99,4.99,5.784,9.98,10.7,10.7,8.91,21.4,0.015,2.144
699,GU,Transition,6,24.66,13.499,30.254,147.959,112.766,60,134.671,676.599,0.224,4.573
701,GU,Bank,19,3.666,2.44,3.243,69.66,25.358,19.8,18.438,481.8,0.123,6.917
701,GU,Glide-Run,4,41.084,37.933,22.531,164.335,118.774,96.448,58.583,475.096,0.291,2.891
701,GU,Margin Attached Bar,15,7.026,6.09,5.74,105.39,23.84,20.4,14.608,357.6,0.187,3.393
701,GU,Mid Channel Bar,2,1.43,1.43,1.245,2.86,6.2,6.2,3.677,12.4,0.005,4.336
701,GU,Pocket Pool,4,0.748,0.73,0.197,2.99,4.4,4.2,1.02,17.6,0.005,5.882
701,GU,Pool,13,7.081,7.22,4.956,92.05,16.985,17.6,8.264,220.8,0.163,2.399
701,GU,Rapid,1,13.39,13.39,NaN,13.39,64.2,64.2,NaN,64.2,0.024,4.795
701,GU,Riffle,7,4.711,3.55,2.776,32.98,12.6,11,4.793,88.2,0.058,2.675
701,GU,Transition,10,8.139,7.305,3.869,81.385,33.99,33.1,17.058,339.896,0.144,4.176
738,GU,Bank,9,45.434,35.74,43.903,408.91,74.422,57.8,56.718,669.8,0.132,1.638
738,GU,Glide-Run,2,441.105,441.105,357.082,882.21,395.3,395.3,81.883,790.6,0.285,0.896
738,GU,Margin Attached Bar,5,113.094,154.64,79.094,565.47,151.76,200.8,78.164,758.8,0.182,1.342
738,GU,Pocket Pool,4,2.288,2.03,0.644,9.15,7.3,7.2,0.739,29.2,0.003,3.191
738,GU,Pool,8,14.062,5.72,20.254,112.5,19,13.8,11.679,152,0.036,1.351
738,GU,Riffle,2,121.775,121.775,9.44,243.55,111.9,111.9,15.698,223.8,0.079,0.919
738,GU,Transition,3,292.88,397.96,204.808,878.64,368.467,392.6,186.177,1105.4,0.283,1.258
747,GU,Bank,17,5.532,4.81,4.613,94.05,19.353,12.8,15.184,328.998,0.099,3.498
747,GU,Cascade,5,26.794,30.439,11.149,133.969,41.14,36.499,16.406,205.699,0.142,1.535
747,GU,Margin Attached Bar,14,17.541,5.865,22.717,245.58,41.857,19.1,43.671,586,0.26,2.386
747,GU,Mid Channel Bar,1,0.126,0.126,NaN,0.126,1.848,1.848,NaN,1.848,0,14.667
747,GU,Pocket Pool,7,1.313,1.37,0.321,9.19,5.571,5.4,0.535,39,0.01,4.243
747,GU,Pool,6,7.23,4.125,8.408,43.38,13.2,10.3,8.115,79.2,0.046,1.826
747,GU,Rapid,6,20.713,17.51,11.96,124.28,48.6,38,30.026,291.6,0.131,2.346
747,GU,Riffle,6,6.594,4.54,4.194,39.561,15.829,12.9,5.846,94.972,0.042,2.401
747,GU,Transition,1,256.204,256.204,NaN,256.204,687.25,687.25,NaN,687.25,0.271,2.682
797,GU,Bank,19,6.284,4.47,4.898,119.4,31.073,25.801,19.844,590.389,0.094,4.945
797,GU,Glide-Run,5,56.696,60.43,40.43,283.481,114.68,124.6,64.817,573.402,0.224,2.023
797,GU,Margin Attached Bar,22,12.879,5.65,14.526,283.329,33.564,23.7,28.252,738.399,0.224,2.606
797,GU,Mid Channel Bar,3,29.033,26.04,25.84,87.1,60.733,65.8,46.408,182.2,0.069,2.092
797,GU,Pocket Pool,7,1.019,0.91,0.238,7.13,5.371,5,1.219,37.6,0.006,5.271
797,GU,Pond,1,3.05,3.05,NaN,3.05,9.2,9.2,NaN,9.2,0.002,3.016
797,GU,Pool,10,8.779,6.4,6.397,87.79,19.34,15.3,11.139,193.405,0.069,2.203
797,GU,Rapid,5,14.881,12.62,6.727,74.406,35.273,30.2,20.823,176.365,0.059,2.37
797,GU,Riffle,5,10.974,11.47,5.12,54.87,22.92,23.8,7.882,114.6,0.043,2.089
797,GU,Transition,8,33.078,28.111,23.286,264.626,106.992,84.398,55.641,855.939,0.209,3.235
806,GU,Bank,11,7.655,6.56,5.362,84.209,36.09,25.196,24.001,396.986,0.113,4.715
806,GU,Glide-Run,3,65.26,96.98,55.844,195.78,121.592,157.177,103.686,364.777,0.263,1.863
806,GU,Margin Attached Bar,18,10.077,5.42,11.867,181.389,31.7,25.6,27.29,570.598,0.244,3.146
806,GU,Mid Channel Bar,1,5.49,5.49,NaN,5.49,13.4,13.4,NaN,13.4,0.007,2.441
806,GU,Pocket Pool,4,1.147,1.135,0.234,4.59,5.4,5.5,0.432,21.6,0.006,4.708
806,GU,Pool,11,5.841,4.44,4.422,64.25,11.436,10.2,4.821,125.799,0.086,1.958
806,GU,Rapid,1,17.31,17.31,NaN,17.31,51.8,51.8,NaN,51.8,0.023,2.992
806,GU,Riffle,3,11.21,9.52,8.03,33.63,21.933,19,12.853,65.798,0.045,1.957
806,GU,Transition,7,22.345,11.201,24.035,156.418,85.595,56.198,76.115,599.168,0.211,3.831
820,GU,Bank,13,4.072,2.05,4.31,52.93,29.662,19,29.72,385.6,0.113,7.284
820,GU,Glide-Run,5,25.13,26.57,23.694,125.65,79.72,75.6,69.278,398.6,0.267,3.172
820,GU,Margin Attached Bar,14,7.131,4.955,6.42,99.84,29.457,25.1,21.223,412.399,0.212,4.131
820,GU,Mid Channel Bar,3,2.52,1.16,2.764,7.56,12,7.8,10.735,36,0.016,4.762
820,GU,Pocket Pool,3,0.587,0.57,0.186,1.76,4.067,4,0.306,12.2,0.004,6.928
820,GU,Pool,21,4.19,3.21,4.123,87.98,12.438,11.4,7.041,261.2,0.187,2.968
820,GU,Rapid,1,13.27,13.27,NaN,13.27,64.6,64.6,NaN,64.6,0.028,4.868
820,GU,Transition,7,11.589,5.76,11.594,81.12,55.285,36.4,49.533,386.998,0.173,4.77
85,GU,Bank,13,2.851,1.87,2.535,37.06,23.938,16.8,20.294,311.199,0.097,8.396
85,GU,Cascade,1,3.69,3.69,NaN,3.69,10,10,NaN,10,0.01,2.71
85,GU,Glide-Run,5,12.289,12.79,6.411,61.443,28.334,30.67,10.777,141.67,0.161,2.306
85,GU,Margin Attached Bar,18,5.458,3.16,5.817,98.241,21.773,19,17.042,391.913,0.257,3.989
85,GU,Mid Channel Bar,1,1.05,1.05,NaN,1.05,5.8,5.8,NaN,5.8,0.003,5.524
85,GU,Pocket Pool,10,0.676,0.725,0.138,6.76,4,4.2,0.462,40,0.018,5.917
85,GU,Pool,8,2.257,1.225,1.728,18.06,7.9,5.5,4.597,63.2,0.047,3.5
85,GU,Rapid,7,13.386,7.92,14.565,93.699,32.302,28.8,22.317,226.113,0.245,2.413
85,GU,Riffle,4,3.248,2.615,1.832,12.99,10.55,9.5,3.34,42.2,0.034,3.248
85,GU,Transition,8,6.091,4.265,3.443,48.727,36.698,32.294,18.629,293.586,0.128,6.025
895,GU,Bank,11,24.985,14.77,26.852,274.83,79.4,50.4,76.064,873.4,0.11,3.178
895,GU,Glide-Run,6,125.357,126.35,94.548,752.14,134.567,145.6,99.884,807.399,0.3,1.073
895,GU,Margin Attached Bar,13,32.72,16.35,32.741,425.36,52.74,31.6,47.515,685.614,0.17,1.612
895,GU,Mid Channel Bar,2,44.655,44.655,49.278,89.31,38.9,38.9,32.385,77.8,0.036,0.871
895,GU,Pocket Pool,2,1.855,1.855,0.7,3.71,6.3,6.3,0.99,12.6,0.001,3.396
895,GU,Pond,1,15.34,15.34,NaN,15.34,21,21,NaN,21,0.006,1.369
895,GU,Pool,11,23.925,16.73,20.547,263.18,26.527,21.8,16.067,291.8,0.105,1.109
895,GU,Rapid,1,50.36,50.36,NaN,50.36,59.2,59.2,NaN,59.2,0.02,1.176
895,GU,Riffle,4,42.045,37.135,20.641,168.18,43.95,41.9,12.375,175.8,0.067,1.045
895,GU,Transition,6,77.457,72.33,67.986,464.74,182.5,146.699,136.483,1094.998,0.185,2.356
916,GU,Bank,11,58.273,52.44,53.183,641,132.236,143.4,117.568,1454.6,0.124,2.269
916,GU,Cascade,2,39.31,39.31,5.303,78.62,37.9,37.9,5.798,75.8,0.015,0.964
916,GU,Glide-Run,5,244.816,186.06,270.658,1224.08,230.44,194.8,169.578,1152.2,0.238,0.941
916,GU,Margin Attached Bar,10,75.817,50.52,86.31,758.17,95.06,77,76.917,950.6,0.147,1.254
916,GU,Mid Channel Bar,3,50.927,6.21,82.87,152.78,49.333,12.4,74.424,148,0.03,0.969
916,GU,Pocket Pool,5,4.668,2.79,5.017,23.34,10.84,8.6,5.823,54.2,0.005,2.322
916,GU,Pool,11,41.825,22.38,52.389,460.08,40.455,27.4,38.434,445,0.089,0.967
916,GU,Riffle,2,283.72,283.72,97.779,567.44,192.5,192.5,42.851,385,0.11,0.678
916,GU,Transition,7,177.967,118.6,172.875,1245.77,246.914,190.2,161.869,1728.4,0.242,1.387
920,GU,Bank,16,8.308,5.45,6.824,132.93,40.5,31.7,26.472,648,0.123,4.875
920,GU,Cascade,2,12.27,12.27,6.491,24.54,31.4,31.4,13.011,62.8,0.023,2.559
920,GU,Glide-Run,7,41.758,22.29,51.64,292.304,68.234,51.4,55.475,477.636,0.271,1.634
920,GU,Margin Attached Bar,23,7.947,4.98,7.176,182.78,30.2,26.4,21.539,694.6,0.17,3.8
920,GU,Mid Channel Bar,9,2.013,1.46,1.145,18.12,8.8,6,5.761,79.2,0.017,4.372
920,GU,Pocket Pool,1,0.71,0.71,NaN,0.71,4.6,4.6,NaN,4.6,0.001,6.479
920,GU,Pool,12,10.502,6.485,9.695,126.03,20.883,16.7,14.905,250.599,0.117,1.988
920,GU,Rapid,5,15.636,11.23,11.514,78.18,34.88,31,21.3,174.399,0.073,2.231
920,GU,Riffle,6,15.155,15.495,8.384,90.93,28.267,29.9,11.532,169.6,0.084,1.865
920,GU,Transition,14,9.358,7.85,4.289,131.016,42.86,35.818,18.941,600.035,0.122,4.58
937,GU,Bank,23,3.524,2.42,4.193,81.05,25.852,16.6,27.405,594.599,0.115,7.336
937,GU,Cascade,1,4.13,4.13,NaN,4.13,11.2,11.2,NaN,11.2,0.006,2.712
937,GU,Glide-Run,9,10.339,9.22,7.811,93.048,29.879,29.2,15.835,268.912,0.132,2.89
937,GU,Margin Attached Bar,35,4.573,2.29,5.296,160.06,18.754,13.6,14.824,656.4,0.227,4.101
937,GU,Mid Channel Bar,1,0.61,0.61,NaN,0.61,3.8,3.8,NaN,3.8,0.001,6.23
937,GU,Pocket Pool,13,0.778,0.77,0.187,10.12,4.431,4.2,0.761,57.6,0.014,5.695
937,GU,Pool,10,3.228,2.175,2.315,32.28,10.56,8.5,4.549,105.6,0.046,3.271
937,GU,Rapid,9,14.27,9.08,12.786,128.433,36.985,21.467,37.705,332.867,0.182,2.592
937,GU,Riffle,4,9.585,7.7,6.358,38.34,21.25,19,9.705,85,0.054,2.217
937,GU,Transition,15,10.475,5.955,7.951,157.129,49.847,33.971,30.045,747.712,0.223,4.759
